Total Nacional;Provincias;Estado de la vivienda;Periodo;Total
Total;;General;2025;14.962
Total;;General;2024;12.717
Total;;General;2023;13.151
Total;;General;2022;17.132
Total;;General;2021;20.694
Total;;General;2020;18.920
Total;;General;2019;27.488
Total;;General;2018;26.247
Total;;General;2017;27.719
Total;;General;2016;41.288
Total;;General;2015;60.032
Total;;General;2014;70.422
Total;;Vivienda nueva;2025;1.137
Total;;Vivienda nueva;2024;1.228
Total;;Vivienda nueva;2023;1.206
Total;;Vivienda nueva;2022;2.103
Total;;Vivienda nueva;2021;2.475
Total;;Vivienda nueva;2020;3.105
Total;;Vivienda nueva;2019;6.431
Total;;Vivienda nueva;2018;5.315
Total;;Vivienda nueva;2017;4.750
Total;;Vivienda nueva;2016;5.344
Total;;Vivienda nueva;2015;8.056
Total;;Vivienda nueva;2014;11.312
Total;;Vivienda segunda mano;2025;13.825
Total;;Vivienda segunda mano;2024;11.489
Total;;Vivienda segunda mano;2023;11.945
Total;;Vivienda segunda mano;2022;15.029
Total;;Vivienda segunda mano;2021;18.219
Total;;Vivienda segunda mano;2020;15.815
Total;;Vivienda segunda mano;2019;21.057
Total;;Vivienda segunda mano;2018;20.932
Total;;Vivienda segunda mano;2017;22.969
Total;;Vivienda segunda mano;2016;35.944
Total;;Vivienda segunda mano;2015;51.976
Total;;Vivienda segunda mano;2014;59.110
Total;02 Albacete;General;2025;80
Total;02 Albacete;General;2024;56
Total;02 Albacete;General;2023;97
Total;02 Albacete;General;2022;97
Total;02 Albacete;General;2021;302
Total;02 Albacete;General;2020;146
Total;02 Albacete;General;2019;152
Total;02 Albacete;General;2018;90
Total;02 Albacete;General;2017;117
Total;02 Albacete;General;2016;148
Total;02 Albacete;General;2015;262
Total;02 Albacete;General;2014;314
Total;02 Albacete;Vivienda nueva;2025;3
Total;02 Albacete;Vivienda nueva;2024;9
Total;02 Albacete;Vivienda nueva;2023;20
Total;02 Albacete;Vivienda nueva;2022;5
Total;02 Albacete;Vivienda nueva;2021;37
Total;02 Albacete;Vivienda nueva;2020;22
Total;02 Albacete;Vivienda nueva;2019;27
Total;02 Albacete;Vivienda nueva;2018;21
Total;02 Albacete;Vivienda nueva;2017;32
Total;02 Albacete;Vivienda nueva;2016;19
Total;02 Albacete;Vivienda nueva;2015;37
Total;02 Albacete;Vivienda nueva;2014;60
Total;02 Albacete;Vivienda segunda mano;2025;77
Total;02 Albacete;Vivienda segunda mano;2024;47
Total;02 Albacete;Vivienda segunda mano;2023;77
Total;02 Albacete;Vivienda segunda mano;2022;92
Total;02 Albacete;Vivienda segunda mano;2021;265
Total;02 Albacete;Vivienda segunda mano;2020;124
Total;02 Albacete;Vivienda segunda mano;2019;125
Total;02 Albacete;Vivienda segunda mano;2018;69
Total;02 Albacete;Vivienda segunda mano;2017;85
Total;02 Albacete;Vivienda segunda mano;2016;129
Total;02 Albacete;Vivienda segunda mano;2015;225
Total;02 Albacete;Vivienda segunda mano;2014;254
Total;03 Alicante/Alacant;General;2025;1.001
Total;03 Alicante/Alacant;General;2024;1.037
Total;03 Alicante/Alacant;General;2023;1.056
Total;03 Alicante/Alacant;General;2022;1.443
Total;03 Alicante/Alacant;General;2021;1.686
Total;03 Alicante/Alacant;General;2020;1.313
Total;03 Alicante/Alacant;General;2019;1.705
Total;03 Alicante/Alacant;General;2018;1.664
Total;03 Alicante/Alacant;General;2017;1.868
Total;03 Alicante/Alacant;General;2016;3.783
Total;03 Alicante/Alacant;General;2015;4.266
Total;03 Alicante/Alacant;General;2014;3.771
Total;03 Alicante/Alacant;Vivienda nueva;2025;116
Total;03 Alicante/Alacant;Vivienda nueva;2024;153
Total;03 Alicante/Alacant;Vivienda nueva;2023;134
Total;03 Alicante/Alacant;Vivienda nueva;2022;131
Total;03 Alicante/Alacant;Vivienda nueva;2021;252
Total;03 Alicante/Alacant;Vivienda nueva;2020;255
Total;03 Alicante/Alacant;Vivienda nueva;2019;338
Total;03 Alicante/Alacant;Vivienda nueva;2018;345
Total;03 Alicante/Alacant;Vivienda nueva;2017;410
Total;03 Alicante/Alacant;Vivienda nueva;2016;654
Total;03 Alicante/Alacant;Vivienda nueva;2015;530
Total;03 Alicante/Alacant;Vivienda nueva;2014;538
Total;03 Alicante/Alacant;Vivienda segunda mano;2025;885
Total;03 Alicante/Alacant;Vivienda segunda mano;2024;884
Total;03 Alicante/Alacant;Vivienda segunda mano;2023;922
Total;03 Alicante/Alacant;Vivienda segunda mano;2022;1.312
Total;03 Alicante/Alacant;Vivienda segunda mano;2021;1.434
Total;03 Alicante/Alacant;Vivienda segunda mano;2020;1.058
Total;03 Alicante/Alacant;Vivienda segunda mano;2019;1.367
Total;03 Alicante/Alacant;Vivienda segunda mano;2018;1.319
Total;03 Alicante/Alacant;Vivienda segunda mano;2017;1.458
Total;03 Alicante/Alacant;Vivienda segunda mano;2016;3.129
Total;03 Alicante/Alacant;Vivienda segunda mano;2015;3.736
Total;03 Alicante/Alacant;Vivienda segunda mano;2014;3.233
Total;04 Almería;General;2025;478
Total;04 Almería;General;2024;463
Total;04 Almería;General;2023;491
Total;04 Almería;General;2022;960
Total;04 Almería;General;2021;758
Total;04 Almería;General;2020;936
Total;04 Almería;General;2019;2.026
Total;04 Almería;General;2018;1.057
Total;04 Almería;General;2017;1.491
Total;04 Almería;General;2016;2.710
Total;04 Almería;General;2015;4.142
Total;04 Almería;General;2014;3.014
Total;04 Almería;Vivienda nueva;2025;40
Total;04 Almería;Vivienda nueva;2024;113
Total;04 Almería;Vivienda nueva;2023;52
Total;04 Almería;Vivienda nueva;2022;315
Total;04 Almería;Vivienda nueva;2021;95
Total;04 Almería;Vivienda nueva;2020;315
Total;04 Almería;Vivienda nueva;2019;993
Total;04 Almería;Vivienda nueva;2018;334
Total;04 Almería;Vivienda nueva;2017;368
Total;04 Almería;Vivienda nueva;2016;441
Total;04 Almería;Vivienda nueva;2015;798
Total;04 Almería;Vivienda nueva;2014;808
Total;04 Almería;Vivienda segunda mano;2025;438
Total;04 Almería;Vivienda segunda mano;2024;350
Total;04 Almería;Vivienda segunda mano;2023;439
Total;04 Almería;Vivienda segunda mano;2022;645
Total;04 Almería;Vivienda segunda mano;2021;663
Total;04 Almería;Vivienda segunda mano;2020;621
Total;04 Almería;Vivienda segunda mano;2019;1.033
Total;04 Almería;Vivienda segunda mano;2018;723
Total;04 Almería;Vivienda segunda mano;2017;1.123
Total;04 Almería;Vivienda segunda mano;2016;2.269
Total;04 Almería;Vivienda segunda mano;2015;3.344
Total;04 Almería;Vivienda segunda mano;2014;2.206
Total;01 Araba/Álava;General;2025;29
Total;01 Araba/Álava;General;2024;31
Total;01 Araba/Álava;General;2023;28
Total;01 Araba/Álava;General;2022;43
Total;01 Araba/Álava;General;2021;41
Total;01 Araba/Álava;General;2020;10
Total;01 Araba/Álava;General;2019;8
Total;01 Araba/Álava;General;2018;22
Total;01 Araba/Álava;General;2017;44
Total;01 Araba/Álava;General;2016;59
Total;01 Araba/Álava;General;2015;51
Total;01 Araba/Álava;General;2014;57
Total;01 Araba/Álava;Vivienda nueva;2025;1
Total;01 Araba/Álava;Vivienda nueva;2024;0
Total;01 Araba/Álava;Vivienda nueva;2023;0
Total;01 Araba/Álava;Vivienda nueva;2022;4
Total;01 Araba/Álava;Vivienda nueva;2021;1
Total;01 Araba/Álava;Vivienda nueva;2020;0
Total;01 Araba/Álava;Vivienda nueva;2019;0
Total;01 Araba/Álava;Vivienda nueva;2018;0
Total;01 Araba/Álava;Vivienda nueva;2017;3
Total;01 Araba/Álava;Vivienda nueva;2016;0
Total;01 Araba/Álava;Vivienda nueva;2015;2
Total;01 Araba/Álava;Vivienda nueva;2014;0
Total;01 Araba/Álava;Vivienda segunda mano;2025;28
Total;01 Araba/Álava;Vivienda segunda mano;2024;31
Total;01 Araba/Álava;Vivienda segunda mano;2023;28
Total;01 Araba/Álava;Vivienda segunda mano;2022;39
Total;01 Araba/Álava;Vivienda segunda mano;2021;40
Total;01 Araba/Álava;Vivienda segunda mano;2020;10
Total;01 Araba/Álava;Vivienda segunda mano;2019;8
Total;01 Araba/Álava;Vivienda segunda mano;2018;22
Total;01 Araba/Álava;Vivienda segunda mano;2017;41
Total;01 Araba/Álava;Vivienda segunda mano;2016;59
Total;01 Araba/Álava;Vivienda segunda mano;2015;49
Total;01 Araba/Álava;Vivienda segunda mano;2014;57
Total;33 Asturias;General;2025;269
Total;33 Asturias;General;2024;202
Total;33 Asturias;General;2023;173
Total;33 Asturias;General;2022;251
Total;33 Asturias;General;2021;337
Total;33 Asturias;General;2020;299
Total;33 Asturias;General;2019;335
Total;33 Asturias;General;2018;474
Total;33 Asturias;General;2017;286
Total;33 Asturias;General;2016;394
Total;33 Asturias;General;2015;603
Total;33 Asturias;General;2014;574
Total;33 Asturias;Vivienda nueva;2025;27
Total;33 Asturias;Vivienda nueva;2024;14
Total;33 Asturias;Vivienda nueva;2023;15
Total;33 Asturias;Vivienda nueva;2022;8
Total;33 Asturias;Vivienda nueva;2021;7
Total;33 Asturias;Vivienda nueva;2020;6
Total;33 Asturias;Vivienda nueva;2019;52
Total;33 Asturias;Vivienda nueva;2018;49
Total;33 Asturias;Vivienda nueva;2017;4
Total;33 Asturias;Vivienda nueva;2016;24
Total;33 Asturias;Vivienda nueva;2015;16
Total;33 Asturias;Vivienda nueva;2014;38
Total;33 Asturias;Vivienda segunda mano;2025;242
Total;33 Asturias;Vivienda segunda mano;2024;188
Total;33 Asturias;Vivienda segunda mano;2023;158
Total;33 Asturias;Vivienda segunda mano;2022;243
Total;33 Asturias;Vivienda segunda mano;2021;330
Total;33 Asturias;Vivienda segunda mano;2020;293
Total;33 Asturias;Vivienda segunda mano;2019;283
Total;33 Asturias;Vivienda segunda mano;2018;425
Total;33 Asturias;Vivienda segunda mano;2017;282
Total;33 Asturias;Vivienda segunda mano;2016;370
Total;33 Asturias;Vivienda segunda mano;2015;587
Total;33 Asturias;Vivienda segunda mano;2014;536
Total;05 Ávila;General;2025;35
Total;05 Ávila;General;2024;46
Total;05 Ávila;General;2023;54
Total;05 Ávila;General;2022;36
Total;05 Ávila;General;2021;27
Total;05 Ávila;General;2020;19
Total;05 Ávila;General;2019;46
Total;05 Ávila;General;2018;131
Total;05 Ávila;General;2017;143
Total;05 Ávila;General;2016;130
Total;05 Ávila;General;2015;177
Total;05 Ávila;General;2014;160
Total;05 Ávila;Vivienda nueva;2025;2
Total;05 Ávila;Vivienda nueva;2024;3
Total;05 Ávila;Vivienda nueva;2023;24
Total;05 Ávila;Vivienda nueva;2022;2
Total;05 Ávila;Vivienda nueva;2021;0
Total;05 Ávila;Vivienda nueva;2020;0
Total;05 Ávila;Vivienda nueva;2019;0
Total;05 Ávila;Vivienda nueva;2018;1
Total;05 Ávila;Vivienda nueva;2017;69
Total;05 Ávila;Vivienda nueva;2016;1
Total;05 Ávila;Vivienda nueva;2015;71
Total;05 Ávila;Vivienda nueva;2014;48
Total;05 Ávila;Vivienda segunda mano;2025;33
Total;05 Ávila;Vivienda segunda mano;2024;43
Total;05 Ávila;Vivienda segunda mano;2023;30
Total;05 Ávila;Vivienda segunda mano;2022;34
Total;05 Ávila;Vivienda segunda mano;2021;27
Total;05 Ávila;Vivienda segunda mano;2020;19
Total;05 Ávila;Vivienda segunda mano;2019;46
Total;05 Ávila;Vivienda segunda mano;2018;130
Total;05 Ávila;Vivienda segunda mano;2017;74
Total;05 Ávila;Vivienda segunda mano;2016;129
Total;05 Ávila;Vivienda segunda mano;2015;106
Total;05 Ávila;Vivienda segunda mano;2014;112
Total;06 Badajoz;General;2025;158
Total;06 Badajoz;General;2024;118
Total;06 Badajoz;General;2023;100
Total;06 Badajoz;General;2022;166
Total;06 Badajoz;General;2021;193
Total;06 Badajoz;General;2020;121
Total;06 Badajoz;General;2019;197
Total;06 Badajoz;General;2018;290
Total;06 Badajoz;General;2017;200
Total;06 Badajoz;General;2016;342
Total;06 Badajoz;General;2015;593
Total;06 Badajoz;General;2014;1.014
Total;06 Badajoz;Vivienda nueva;2025;13
Total;06 Badajoz;Vivienda nueva;2024;4
Total;06 Badajoz;Vivienda nueva;2023;5
Total;06 Badajoz;Vivienda nueva;2022;11
Total;06 Badajoz;Vivienda nueva;2021;6
Total;06 Badajoz;Vivienda nueva;2020;10
Total;06 Badajoz;Vivienda nueva;2019;7
Total;06 Badajoz;Vivienda nueva;2018;49
Total;06 Badajoz;Vivienda nueva;2017;19
Total;06 Badajoz;Vivienda nueva;2016;4
Total;06 Badajoz;Vivienda nueva;2015;51
Total;06 Badajoz;Vivienda nueva;2014;127
Total;06 Badajoz;Vivienda segunda mano;2025;145
Total;06 Badajoz;Vivienda segunda mano;2024;114
Total;06 Badajoz;Vivienda segunda mano;2023;95
Total;06 Badajoz;Vivienda segunda mano;2022;155
Total;06 Badajoz;Vivienda segunda mano;2021;187
Total;06 Badajoz;Vivienda segunda mano;2020;111
Total;06 Badajoz;Vivienda segunda mano;2019;190
Total;06 Badajoz;Vivienda segunda mano;2018;241
Total;06 Badajoz;Vivienda segunda mano;2017;181
Total;06 Badajoz;Vivienda segunda mano;2016;338
Total;06 Badajoz;Vivienda segunda mano;2015;542
Total;06 Badajoz;Vivienda segunda mano;2014;887
Total;07 Balears, Illes;General;2025;167
Total;07 Balears, Illes;General;2024;185
Total;07 Balears, Illes;General;2023;169
Total;07 Balears, Illes;General;2022;323
Total;07 Balears, Illes;General;2021;224
Total;07 Balears, Illes;General;2020;371
Total;07 Balears, Illes;General;2019;411
Total;07 Balears, Illes;General;2018;395
Total;07 Balears, Illes;General;2017;514
Total;07 Balears, Illes;General;2016;753
Total;07 Balears, Illes;General;2015;1.328
Total;07 Balears, Illes;General;2014;1.941
Total;07 Balears, Illes;Vivienda nueva;2025;4
Total;07 Balears, Illes;Vivienda nueva;2024;9
Total;07 Balears, Illes;Vivienda nueva;2023;9
Total;07 Balears, Illes;Vivienda nueva;2022;70
Total;07 Balears, Illes;Vivienda nueva;2021;28
Total;07 Balears, Illes;Vivienda nueva;2020;93
Total;07 Balears, Illes;Vivienda nueva;2019;96
Total;07 Balears, Illes;Vivienda nueva;2018;75
Total;07 Balears, Illes;Vivienda nueva;2017;33
Total;07 Balears, Illes;Vivienda nueva;2016;76
Total;07 Balears, Illes;Vivienda nueva;2015;91
Total;07 Balears, Illes;Vivienda nueva;2014;245
Total;07 Balears, Illes;Vivienda segunda mano;2025;163
Total;07 Balears, Illes;Vivienda segunda mano;2024;176
Total;07 Balears, Illes;Vivienda segunda mano;2023;160
Total;07 Balears, Illes;Vivienda segunda mano;2022;253
Total;07 Balears, Illes;Vivienda segunda mano;2021;196
Total;07 Balears, Illes;Vivienda segunda mano;2020;278
Total;07 Balears, Illes;Vivienda segunda mano;2019;315
Total;07 Balears, Illes;Vivienda segunda mano;2018;320
Total;07 Balears, Illes;Vivienda segunda mano;2017;481
Total;07 Balears, Illes;Vivienda segunda mano;2016;677
Total;07 Balears, Illes;Vivienda segunda mano;2015;1.237
Total;07 Balears, Illes;Vivienda segunda mano;2014;1.696
Total;08 Barcelona;General;2025;1.968
Total;08 Barcelona;General;2024;1.668
Total;08 Barcelona;General;2023;1.656
Total;08 Barcelona;General;2022;1.926
Total;08 Barcelona;General;2021;2.370
Total;08 Barcelona;General;2020;2.082
Total;08 Barcelona;General;2019;2.859
Total;08 Barcelona;General;2018;2.217
Total;08 Barcelona;General;2017;2.224
Total;08 Barcelona;General;2016;3.819
Total;08 Barcelona;General;2015;6.507
Total;08 Barcelona;General;2014;9.026
Total;08 Barcelona;Vivienda nueva;2025;66
Total;08 Barcelona;Vivienda nueva;2024;46
Total;08 Barcelona;Vivienda nueva;2023;142
Total;08 Barcelona;Vivienda nueva;2022;86
Total;08 Barcelona;Vivienda nueva;2021;84
Total;08 Barcelona;Vivienda nueva;2020;102
Total;08 Barcelona;Vivienda nueva;2019;329
Total;08 Barcelona;Vivienda nueva;2018;202
Total;08 Barcelona;Vivienda nueva;2017;222
Total;08 Barcelona;Vivienda nueva;2016;213
Total;08 Barcelona;Vivienda nueva;2015;451
Total;08 Barcelona;Vivienda nueva;2014;821
Total;08 Barcelona;Vivienda segunda mano;2025;1.902
Total;08 Barcelona;Vivienda segunda mano;2024;1.622
Total;08 Barcelona;Vivienda segunda mano;2023;1.514
Total;08 Barcelona;Vivienda segunda mano;2022;1.840
Total;08 Barcelona;Vivienda segunda mano;2021;2.286
Total;08 Barcelona;Vivienda segunda mano;2020;1.980
Total;08 Barcelona;Vivienda segunda mano;2019;2.530
Total;08 Barcelona;Vivienda segunda mano;2018;2.015
Total;08 Barcelona;Vivienda segunda mano;2017;2.002
Total;08 Barcelona;Vivienda segunda mano;2016;3.606
Total;08 Barcelona;Vivienda segunda mano;2015;6.056
Total;08 Barcelona;Vivienda segunda mano;2014;8.205
Total;48 Bizkaia;General;2025;133
Total;48 Bizkaia;General;2024;112
Total;48 Bizkaia;General;2023;86
Total;48 Bizkaia;General;2022;104
Total;48 Bizkaia;General;2021;155
Total;48 Bizkaia;General;2020;71
Total;48 Bizkaia;General;2019;48
Total;48 Bizkaia;General;2018;52
Total;48 Bizkaia;General;2017;76
Total;48 Bizkaia;General;2016;75
Total;48 Bizkaia;General;2015;163
Total;48 Bizkaia;General;2014;215
Total;48 Bizkaia;Vivienda nueva;2025;1
Total;48 Bizkaia;Vivienda nueva;2024;1
Total;48 Bizkaia;Vivienda nueva;2023;1
Total;48 Bizkaia;Vivienda nueva;2022;3
Total;48 Bizkaia;Vivienda nueva;2021;2
Total;48 Bizkaia;Vivienda nueva;2020;3
Total;48 Bizkaia;Vivienda nueva;2019;2
Total;48 Bizkaia;Vivienda nueva;2018;2
Total;48 Bizkaia;Vivienda nueva;2017;3
Total;48 Bizkaia;Vivienda nueva;2016;4
Total;48 Bizkaia;Vivienda nueva;2015;5
Total;48 Bizkaia;Vivienda nueva;2014;22
Total;48 Bizkaia;Vivienda segunda mano;2025;132
Total;48 Bizkaia;Vivienda segunda mano;2024;111
Total;48 Bizkaia;Vivienda segunda mano;2023;85
Total;48 Bizkaia;Vivienda segunda mano;2022;101
Total;48 Bizkaia;Vivienda segunda mano;2021;153
Total;48 Bizkaia;Vivienda segunda mano;2020;68
Total;48 Bizkaia;Vivienda segunda mano;2019;46
Total;48 Bizkaia;Vivienda segunda mano;2018;50
Total;48 Bizkaia;Vivienda segunda mano;2017;73
Total;48 Bizkaia;Vivienda segunda mano;2016;71
Total;48 Bizkaia;Vivienda segunda mano;2015;158
Total;48 Bizkaia;Vivienda segunda mano;2014;193
Total;09 Burgos;General;2025;46
Total;09 Burgos;General;2024;53
Total;09 Burgos;General;2023;34
Total;09 Burgos;General;2022;54
Total;09 Burgos;General;2021;76
Total;09 Burgos;General;2020;89
Total;09 Burgos;General;2019;157
Total;09 Burgos;General;2018;107
Total;09 Burgos;General;2017;79
Total;09 Burgos;General;2016;140
Total;09 Burgos;General;2015;293
Total;09 Burgos;General;2014;502
Total;09 Burgos;Vivienda nueva;2025;1
Total;09 Burgos;Vivienda nueva;2024;0
Total;09 Burgos;Vivienda nueva;2023;0
Total;09 Burgos;Vivienda nueva;2022;1
Total;09 Burgos;Vivienda nueva;2021;0
Total;09 Burgos;Vivienda nueva;2020;1
Total;09 Burgos;Vivienda nueva;2019;4
Total;09 Burgos;Vivienda nueva;2018;25
Total;09 Burgos;Vivienda nueva;2017;2
Total;09 Burgos;Vivienda nueva;2016;0
Total;09 Burgos;Vivienda nueva;2015;39
Total;09 Burgos;Vivienda nueva;2014;1
Total;09 Burgos;Vivienda segunda mano;2025;45
Total;09 Burgos;Vivienda segunda mano;2024;53
Total;09 Burgos;Vivienda segunda mano;2023;34
Total;09 Burgos;Vivienda segunda mano;2022;53
Total;09 Burgos;Vivienda segunda mano;2021;76
Total;09 Burgos;Vivienda segunda mano;2020;88
Total;09 Burgos;Vivienda segunda mano;2019;153
Total;09 Burgos;Vivienda segunda mano;2018;82
Total;09 Burgos;Vivienda segunda mano;2017;77
Total;09 Burgos;Vivienda segunda mano;2016;140
Total;09 Burgos;Vivienda segunda mano;2015;254
Total;09 Burgos;Vivienda segunda mano;2014;501
Total;10 Cáceres;General;2025;97
Total;10 Cáceres;General;2024;57
Total;10 Cáceres;General;2023;53
Total;10 Cáceres;General;2022;49
Total;10 Cáceres;General;2021;52
Total;10 Cáceres;General;2020;37
Total;10 Cáceres;General;2019;215
Total;10 Cáceres;General;2018;177
Total;10 Cáceres;General;2017;112
Total;10 Cáceres;General;2016;179
Total;10 Cáceres;General;2015;235
Total;10 Cáceres;General;2014;349
Total;10 Cáceres;Vivienda nueva;2025;1
Total;10 Cáceres;Vivienda nueva;2024;2
Total;10 Cáceres;Vivienda nueva;2023;0
Total;10 Cáceres;Vivienda nueva;2022;2
Total;10 Cáceres;Vivienda nueva;2021;1
Total;10 Cáceres;Vivienda nueva;2020;1
Total;10 Cáceres;Vivienda nueva;2019;3
Total;10 Cáceres;Vivienda nueva;2018;50
Total;10 Cáceres;Vivienda nueva;2017;2
Total;10 Cáceres;Vivienda nueva;2016;6
Total;10 Cáceres;Vivienda nueva;2015;16
Total;10 Cáceres;Vivienda nueva;2014;25
Total;10 Cáceres;Vivienda segunda mano;2025;96
Total;10 Cáceres;Vivienda segunda mano;2024;55
Total;10 Cáceres;Vivienda segunda mano;2023;53
Total;10 Cáceres;Vivienda segunda mano;2022;47
Total;10 Cáceres;Vivienda segunda mano;2021;51
Total;10 Cáceres;Vivienda segunda mano;2020;36
Total;10 Cáceres;Vivienda segunda mano;2019;212
Total;10 Cáceres;Vivienda segunda mano;2018;127
Total;10 Cáceres;Vivienda segunda mano;2017;110
Total;10 Cáceres;Vivienda segunda mano;2016;173
Total;10 Cáceres;Vivienda segunda mano;2015;219
Total;10 Cáceres;Vivienda segunda mano;2014;324
Total;11 Cádiz;General;2025;562
Total;11 Cádiz;General;2024;429
Total;11 Cádiz;General;2023;673
Total;11 Cádiz;General;2022;489
Total;11 Cádiz;General;2021;564
Total;11 Cádiz;General;2020;366
Total;11 Cádiz;General;2019;454
Total;11 Cádiz;General;2018;534
Total;11 Cádiz;General;2017;937
Total;11 Cádiz;General;2016;1.490
Total;11 Cádiz;General;2015;1.966
Total;11 Cádiz;General;2014;2.095
Total;11 Cádiz;Vivienda nueva;2025;53
Total;11 Cádiz;Vivienda nueva;2024;49
Total;11 Cádiz;Vivienda nueva;2023;51
Total;11 Cádiz;Vivienda nueva;2022;45
Total;11 Cádiz;Vivienda nueva;2021;39
Total;11 Cádiz;Vivienda nueva;2020;18
Total;11 Cádiz;Vivienda nueva;2019;175
Total;11 Cádiz;Vivienda nueva;2018;88
Total;11 Cádiz;Vivienda nueva;2017;118
Total;11 Cádiz;Vivienda nueva;2016;195
Total;11 Cádiz;Vivienda nueva;2015;366
Total;11 Cádiz;Vivienda nueva;2014;849
Total;11 Cádiz;Vivienda segunda mano;2025;509
Total;11 Cádiz;Vivienda segunda mano;2024;380
Total;11 Cádiz;Vivienda segunda mano;2023;622
Total;11 Cádiz;Vivienda segunda mano;2022;444
Total;11 Cádiz;Vivienda segunda mano;2021;525
Total;11 Cádiz;Vivienda segunda mano;2020;348
Total;11 Cádiz;Vivienda segunda mano;2019;279
Total;11 Cádiz;Vivienda segunda mano;2018;446
Total;11 Cádiz;Vivienda segunda mano;2017;819
Total;11 Cádiz;Vivienda segunda mano;2016;1.295
Total;11 Cádiz;Vivienda segunda mano;2015;1.600
Total;11 Cádiz;Vivienda segunda mano;2014;1.246
Total;39 Cantabria;General;2025;106
Total;39 Cantabria;General;2024;107
Total;39 Cantabria;General;2023;92
Total;39 Cantabria;General;2022;128
Total;39 Cantabria;General;2021;169
Total;39 Cantabria;General;2020;491
Total;39 Cantabria;General;2019;372
Total;39 Cantabria;General;2018;433
Total;39 Cantabria;General;2017;222
Total;39 Cantabria;General;2016;406
Total;39 Cantabria;General;2015;405
Total;39 Cantabria;General;2014;516
Total;39 Cantabria;Vivienda nueva;2025;7
Total;39 Cantabria;Vivienda nueva;2024;4
Total;39 Cantabria;Vivienda nueva;2023;7
Total;39 Cantabria;Vivienda nueva;2022;9
Total;39 Cantabria;Vivienda nueva;2021;12
Total;39 Cantabria;Vivienda nueva;2020;24
Total;39 Cantabria;Vivienda nueva;2019;60
Total;39 Cantabria;Vivienda nueva;2018;56
Total;39 Cantabria;Vivienda nueva;2017;6
Total;39 Cantabria;Vivienda nueva;2016;28
Total;39 Cantabria;Vivienda nueva;2015;69
Total;39 Cantabria;Vivienda nueva;2014;79
Total;39 Cantabria;Vivienda segunda mano;2025;99
Total;39 Cantabria;Vivienda segunda mano;2024;103
Total;39 Cantabria;Vivienda segunda mano;2023;85
Total;39 Cantabria;Vivienda segunda mano;2022;119
Total;39 Cantabria;Vivienda segunda mano;2021;157
Total;39 Cantabria;Vivienda segunda mano;2020;467
Total;39 Cantabria;Vivienda segunda mano;2019;312
Total;39 Cantabria;Vivienda segunda mano;2018;377
Total;39 Cantabria;Vivienda segunda mano;2017;216
Total;39 Cantabria;Vivienda segunda mano;2016;378
Total;39 Cantabria;Vivienda segunda mano;2015;336
Total;39 Cantabria;Vivienda segunda mano;2014;437
Total;12 Castellón/Castelló;General;2025;341
Total;12 Castellón/Castelló;General;2024;268
Total;12 Castellón/Castelló;General;2023;286
Total;12 Castellón/Castelló;General;2022;447
Total;12 Castellón/Castelló;General;2021;845
Total;12 Castellón/Castelló;General;2020;733
Total;12 Castellón/Castelló;General;2019;1.266
Total;12 Castellón/Castelló;General;2018;1.630
Total;12 Castellón/Castelló;General;2017;1.152
Total;12 Castellón/Castelló;General;2016;2.020
Total;12 Castellón/Castelló;General;2015;1.977
Total;12 Castellón/Castelló;General;2014;2.121
Total;12 Castellón/Castelló;Vivienda nueva;2025;34
Total;12 Castellón/Castelló;Vivienda nueva;2024;19
Total;12 Castellón/Castelló;Vivienda nueva;2023;24
Total;12 Castellón/Castelló;Vivienda nueva;2022;30
Total;12 Castellón/Castelló;Vivienda nueva;2021;242
Total;12 Castellón/Castelló;Vivienda nueva;2020;158
Total;12 Castellón/Castelló;Vivienda nueva;2019;349
Total;12 Castellón/Castelló;Vivienda nueva;2018;649
Total;12 Castellón/Castelló;Vivienda nueva;2017;207
Total;12 Castellón/Castelló;Vivienda nueva;2016;305
Total;12 Castellón/Castelló;Vivienda nueva;2015;273
Total;12 Castellón/Castelló;Vivienda nueva;2014;296
Total;12 Castellón/Castelló;Vivienda segunda mano;2025;307
Total;12 Castellón/Castelló;Vivienda segunda mano;2024;249
Total;12 Castellón/Castelló;Vivienda segunda mano;2023;262
Total;12 Castellón/Castelló;Vivienda segunda mano;2022;417
Total;12 Castellón/Castelló;Vivienda segunda mano;2021;603
Total;12 Castellón/Castelló;Vivienda segunda mano;2020;575
Total;12 Castellón/Castelló;Vivienda segunda mano;2019;917
Total;12 Castellón/Castelló;Vivienda segunda mano;2018;981
Total;12 Castellón/Castelló;Vivienda segunda mano;2017;945
Total;12 Castellón/Castelló;Vivienda segunda mano;2016;1.715
Total;12 Castellón/Castelló;Vivienda segunda mano;2015;1.704
Total;12 Castellón/Castelló;Vivienda segunda mano;2014;1.825
Total;13 Ciudad Real;General;2025;95
Total;13 Ciudad Real;General;2024;80
Total;13 Ciudad Real;General;2023;93
Total;13 Ciudad Real;General;2022;124
Total;13 Ciudad Real;General;2021;101
Total;13 Ciudad Real;General;2020;197
Total;13 Ciudad Real;General;2019;236
Total;13 Ciudad Real;General;2018;413
Total;13 Ciudad Real;General;2017;152
Total;13 Ciudad Real;General;2016;243
Total;13 Ciudad Real;General;2015;326
Total;13 Ciudad Real;General;2014;608
Total;13 Ciudad Real;Vivienda nueva;2025;6
Total;13 Ciudad Real;Vivienda nueva;2024;1
Total;13 Ciudad Real;Vivienda nueva;2023;26
Total;13 Ciudad Real;Vivienda nueva;2022;12
Total;13 Ciudad Real;Vivienda nueva;2021;7
Total;13 Ciudad Real;Vivienda nueva;2020;96
Total;13 Ciudad Real;Vivienda nueva;2019;57
Total;13 Ciudad Real;Vivienda nueva;2018;135
Total;13 Ciudad Real;Vivienda nueva;2017;39
Total;13 Ciudad Real;Vivienda nueva;2016;35
Total;13 Ciudad Real;Vivienda nueva;2015;66
Total;13 Ciudad Real;Vivienda nueva;2014;71
Total;13 Ciudad Real;Vivienda segunda mano;2025;89
Total;13 Ciudad Real;Vivienda segunda mano;2024;79
Total;13 Ciudad Real;Vivienda segunda mano;2023;67
Total;13 Ciudad Real;Vivienda segunda mano;2022;112
Total;13 Ciudad Real;Vivienda segunda mano;2021;94
Total;13 Ciudad Real;Vivienda segunda mano;2020;101
Total;13 Ciudad Real;Vivienda segunda mano;2019;179
Total;13 Ciudad Real;Vivienda segunda mano;2018;278
Total;13 Ciudad Real;Vivienda segunda mano;2017;113
Total;13 Ciudad Real;Vivienda segunda mano;2016;208
Total;13 Ciudad Real;Vivienda segunda mano;2015;260
Total;13 Ciudad Real;Vivienda segunda mano;2014;537
Total;14 Córdoba;General;2025;353
Total;14 Córdoba;General;2024;201
Total;14 Córdoba;General;2023;251
Total;14 Córdoba;General;2022;312
Total;14 Córdoba;General;2021;276
Total;14 Córdoba;General;2020;170
Total;14 Córdoba;General;2019;193
Total;14 Córdoba;General;2018;200
Total;14 Córdoba;General;2017;360
Total;14 Córdoba;General;2016;739
Total;14 Córdoba;General;2015;799
Total;14 Córdoba;General;2014;867
Total;14 Córdoba;Vivienda nueva;2025;15
Total;14 Córdoba;Vivienda nueva;2024;11
Total;14 Córdoba;Vivienda nueva;2023;14
Total;14 Córdoba;Vivienda nueva;2022;27
Total;14 Córdoba;Vivienda nueva;2021;27
Total;14 Córdoba;Vivienda nueva;2020;14
Total;14 Córdoba;Vivienda nueva;2019;13
Total;14 Córdoba;Vivienda nueva;2018;34
Total;14 Córdoba;Vivienda nueva;2017;40
Total;14 Córdoba;Vivienda nueva;2016;116
Total;14 Córdoba;Vivienda nueva;2015;76
Total;14 Córdoba;Vivienda nueva;2014;219
Total;14 Córdoba;Vivienda segunda mano;2025;338
Total;14 Córdoba;Vivienda segunda mano;2024;190
Total;14 Córdoba;Vivienda segunda mano;2023;237
Total;14 Córdoba;Vivienda segunda mano;2022;285
Total;14 Córdoba;Vivienda segunda mano;2021;249
Total;14 Córdoba;Vivienda segunda mano;2020;156
Total;14 Córdoba;Vivienda segunda mano;2019;180
Total;14 Córdoba;Vivienda segunda mano;2018;166
Total;14 Córdoba;Vivienda segunda mano;2017;320
Total;14 Córdoba;Vivienda segunda mano;2016;623
Total;14 Córdoba;Vivienda segunda mano;2015;723
Total;14 Córdoba;Vivienda segunda mano;2014;648
Total;15 Coruńa, A;General;2025;305
Total;15 Coruńa, A;General;2024;178
Total;15 Coruńa, A;General;2023;132
Total;15 Coruńa, A;General;2022;187
Total;15 Coruńa, A;General;2021;348
Total;15 Coruńa, A;General;2020;325
Total;15 Coruńa, A;General;2019;645
Total;15 Coruńa, A;General;2018;487
Total;15 Coruńa, A;General;2017;305
Total;15 Coruńa, A;General;2016;232
Total;15 Coruńa, A;General;2015;503
Total;15 Coruńa, A;General;2014;746
Total;15 Coruńa, A;Vivienda nueva;2025;18
Total;15 Coruńa, A;Vivienda nueva;2024;23
Total;15 Coruńa, A;Vivienda nueva;2023;9
Total;15 Coruńa, A;Vivienda nueva;2022;21
Total;15 Coruńa, A;Vivienda nueva;2021;23
Total;15 Coruńa, A;Vivienda nueva;2020;133
Total;15 Coruńa, A;Vivienda nueva;2019;69
Total;15 Coruńa, A;Vivienda nueva;2018;42
Total;15 Coruńa, A;Vivienda nueva;2017;46
Total;15 Coruńa, A;Vivienda nueva;2016;15
Total;15 Coruńa, A;Vivienda nueva;2015;28
Total;15 Coruńa, A;Vivienda nueva;2014;22
Total;15 Coruńa, A;Vivienda segunda mano;2025;287
Total;15 Coruńa, A;Vivienda segunda mano;2024;155
Total;15 Coruńa, A;Vivienda segunda mano;2023;123
Total;15 Coruńa, A;Vivienda segunda mano;2022;166
Total;15 Coruńa, A;Vivienda segunda mano;2021;325
Total;15 Coruńa, A;Vivienda segunda mano;2020;192
Total;15 Coruńa, A;Vivienda segunda mano;2019;576
Total;15 Coruńa, A;Vivienda segunda mano;2018;445
Total;15 Coruńa, A;Vivienda segunda mano;2017;259
Total;15 Coruńa, A;Vivienda segunda mano;2016;217
Total;15 Coruńa, A;Vivienda segunda mano;2015;475
Total;15 Coruńa, A;Vivienda segunda mano;2014;724
Total;16 Cuenca;General;2025;24
Total;16 Cuenca;General;2024;20
Total;16 Cuenca;General;2023;18
Total;16 Cuenca;General;2022;32
Total;16 Cuenca;General;2021;31
Total;16 Cuenca;General;2020;40
Total;16 Cuenca;General;2019;10
Total;16 Cuenca;General;2018;16
Total;16 Cuenca;General;2017;29
Total;16 Cuenca;General;2016;32
Total;16 Cuenca;General;2015;59
Total;16 Cuenca;General;2014;136
Total;16 Cuenca;Vivienda nueva;2025;2
Total;16 Cuenca;Vivienda nueva;2024;5
Total;16 Cuenca;Vivienda nueva;2023;3
Total;16 Cuenca;Vivienda nueva;2022;0
Total;16 Cuenca;Vivienda nueva;2021;0
Total;16 Cuenca;Vivienda nueva;2020;1
Total;16 Cuenca;Vivienda nueva;2019;2
Total;16 Cuenca;Vivienda nueva;2018;3
Total;16 Cuenca;Vivienda nueva;2017;1
Total;16 Cuenca;Vivienda nueva;2016;3
Total;16 Cuenca;Vivienda nueva;2015;1
Total;16 Cuenca;Vivienda nueva;2014;14
Total;16 Cuenca;Vivienda segunda mano;2025;22
Total;16 Cuenca;Vivienda segunda mano;2024;15
Total;16 Cuenca;Vivienda segunda mano;2023;15
Total;16 Cuenca;Vivienda segunda mano;2022;32
Total;16 Cuenca;Vivienda segunda mano;2021;31
Total;16 Cuenca;Vivienda segunda mano;2020;39
Total;16 Cuenca;Vivienda segunda mano;2019;8
Total;16 Cuenca;Vivienda segunda mano;2018;13
Total;16 Cuenca;Vivienda segunda mano;2017;28
Total;16 Cuenca;Vivienda segunda mano;2016;29
Total;16 Cuenca;Vivienda segunda mano;2015;58
Total;16 Cuenca;Vivienda segunda mano;2014;122
Total;20 Gipuzkoa;General;2025;84
Total;20 Gipuzkoa;General;2024;63
Total;20 Gipuzkoa;General;2023;62
Total;20 Gipuzkoa;General;2022;41
Total;20 Gipuzkoa;General;2021;43
Total;20 Gipuzkoa;General;2020;36
Total;20 Gipuzkoa;General;2019;29
Total;20 Gipuzkoa;General;2018;27
Total;20 Gipuzkoa;General;2017;77
Total;20 Gipuzkoa;General;2016;95
Total;20 Gipuzkoa;General;2015;83
Total;20 Gipuzkoa;General;2014;86
Total;20 Gipuzkoa;Vivienda nueva;2025;3
Total;20 Gipuzkoa;Vivienda nueva;2024;2
Total;20 Gipuzkoa;Vivienda nueva;2023;1
Total;20 Gipuzkoa;Vivienda nueva;2022;1
Total;20 Gipuzkoa;Vivienda nueva;2021;0
Total;20 Gipuzkoa;Vivienda nueva;2020;0
Total;20 Gipuzkoa;Vivienda nueva;2019;1
Total;20 Gipuzkoa;Vivienda nueva;2018;1
Total;20 Gipuzkoa;Vivienda nueva;2017;6
Total;20 Gipuzkoa;Vivienda nueva;2016;1
Total;20 Gipuzkoa;Vivienda nueva;2015;1
Total;20 Gipuzkoa;Vivienda nueva;2014;5
Total;20 Gipuzkoa;Vivienda segunda mano;2025;81
Total;20 Gipuzkoa;Vivienda segunda mano;2024;61
Total;20 Gipuzkoa;Vivienda segunda mano;2023;61
Total;20 Gipuzkoa;Vivienda segunda mano;2022;40
Total;20 Gipuzkoa;Vivienda segunda mano;2021;43
Total;20 Gipuzkoa;Vivienda segunda mano;2020;36
Total;20 Gipuzkoa;Vivienda segunda mano;2019;28
Total;20 Gipuzkoa;Vivienda segunda mano;2018;26
Total;20 Gipuzkoa;Vivienda segunda mano;2017;71
Total;20 Gipuzkoa;Vivienda segunda mano;2016;94
Total;20 Gipuzkoa;Vivienda segunda mano;2015;82
Total;20 Gipuzkoa;Vivienda segunda mano;2014;81
Total;17 Girona;General;2025;407
Total;17 Girona;General;2024;442
Total;17 Girona;General;2023;303
Total;17 Girona;General;2022;496
Total;17 Girona;General;2021;457
Total;17 Girona;General;2020;701
Total;17 Girona;General;2019;922
Total;17 Girona;General;2018;859
Total;17 Girona;General;2017;1.071
Total;17 Girona;General;2016;1.133
Total;17 Girona;General;2015;1.876
Total;17 Girona;General;2014;2.107
Total;17 Girona;Vivienda nueva;2025;22
Total;17 Girona;Vivienda nueva;2024;67
Total;17 Girona;Vivienda nueva;2023;24
Total;17 Girona;Vivienda nueva;2022;171
Total;17 Girona;Vivienda nueva;2021;40
Total;17 Girona;Vivienda nueva;2020;114
Total;17 Girona;Vivienda nueva;2019;165
Total;17 Girona;Vivienda nueva;2018;97
Total;17 Girona;Vivienda nueva;2017;127
Total;17 Girona;Vivienda nueva;2016;56
Total;17 Girona;Vivienda nueva;2015;114
Total;17 Girona;Vivienda nueva;2014;178
Total;17 Girona;Vivienda segunda mano;2025;385
Total;17 Girona;Vivienda segunda mano;2024;375
Total;17 Girona;Vivienda segunda mano;2023;279
Total;17 Girona;Vivienda segunda mano;2022;325
Total;17 Girona;Vivienda segunda mano;2021;417
Total;17 Girona;Vivienda segunda mano;2020;587
Total;17 Girona;Vivienda segunda mano;2019;757
Total;17 Girona;Vivienda segunda mano;2018;762
Total;17 Girona;Vivienda segunda mano;2017;944
Total;17 Girona;Vivienda segunda mano;2016;1.077
Total;17 Girona;Vivienda segunda mano;2015;1.762
Total;17 Girona;Vivienda segunda mano;2014;1.929
Total;18 Granada;General;2025;416
Total;18 Granada;General;2024;329
Total;18 Granada;General;2023;288
Total;18 Granada;General;2022;439
Total;18 Granada;General;2021;491
Total;18 Granada;General;2020;404
Total;18 Granada;General;2019;906
Total;18 Granada;General;2018;903
Total;18 Granada;General;2017;1.052
Total;18 Granada;General;2016;1.207
Total;18 Granada;General;2015;1.562
Total;18 Granada;General;2014;1.655
Total;18 Granada;Vivienda nueva;2025;40
Total;18 Granada;Vivienda nueva;2024;21
Total;18 Granada;Vivienda nueva;2023;33
Total;18 Granada;Vivienda nueva;2022;100
Total;18 Granada;Vivienda nueva;2021;151
Total;18 Granada;Vivienda nueva;2020;106
Total;18 Granada;Vivienda nueva;2019;347
Total;18 Granada;Vivienda nueva;2018;322
Total;18 Granada;Vivienda nueva;2017;316
Total;18 Granada;Vivienda nueva;2016;278
Total;18 Granada;Vivienda nueva;2015;299
Total;18 Granada;Vivienda nueva;2014;377
Total;18 Granada;Vivienda segunda mano;2025;376
Total;18 Granada;Vivienda segunda mano;2024;308
Total;18 Granada;Vivienda segunda mano;2023;255
Total;18 Granada;Vivienda segunda mano;2022;339
Total;18 Granada;Vivienda segunda mano;2021;340
Total;18 Granada;Vivienda segunda mano;2020;298
Total;18 Granada;Vivienda segunda mano;2019;559
Total;18 Granada;Vivienda segunda mano;2018;581
Total;18 Granada;Vivienda segunda mano;2017;736
Total;18 Granada;Vivienda segunda mano;2016;929
Total;18 Granada;Vivienda segunda mano;2015;1.263
Total;18 Granada;Vivienda segunda mano;2014;1.278
Total;19 Guadalajara;General;2025;78
Total;19 Guadalajara;General;2024;79
Total;19 Guadalajara;General;2023;41
Total;19 Guadalajara;General;2022;103
Total;19 Guadalajara;General;2021;167
Total;19 Guadalajara;General;2020;125
Total;19 Guadalajara;General;2019;336
Total;19 Guadalajara;General;2018;126
Total;19 Guadalajara;General;2017;153
Total;19 Guadalajara;General;2016;208
Total;19 Guadalajara;General;2015;336
Total;19 Guadalajara;General;2014;583
Total;19 Guadalajara;Vivienda nueva;2025;8
Total;19 Guadalajara;Vivienda nueva;2024;5
Total;19 Guadalajara;Vivienda nueva;2023;1
Total;19 Guadalajara;Vivienda nueva;2022;5
Total;19 Guadalajara;Vivienda nueva;2021;6
Total;19 Guadalajara;Vivienda nueva;2020;18
Total;19 Guadalajara;Vivienda nueva;2019;60
Total;19 Guadalajara;Vivienda nueva;2018;18
Total;19 Guadalajara;Vivienda nueva;2017;6
Total;19 Guadalajara;Vivienda nueva;2016;24
Total;19 Guadalajara;Vivienda nueva;2015;20
Total;19 Guadalajara;Vivienda nueva;2014;43
Total;19 Guadalajara;Vivienda segunda mano;2025;70
Total;19 Guadalajara;Vivienda segunda mano;2024;74
Total;19 Guadalajara;Vivienda segunda mano;2023;40
Total;19 Guadalajara;Vivienda segunda mano;2022;98
Total;19 Guadalajara;Vivienda segunda mano;2021;161
Total;19 Guadalajara;Vivienda segunda mano;2020;107
Total;19 Guadalajara;Vivienda segunda mano;2019;276
Total;19 Guadalajara;Vivienda segunda mano;2018;108
Total;19 Guadalajara;Vivienda segunda mano;2017;147
Total;19 Guadalajara;Vivienda segunda mano;2016;184
Total;19 Guadalajara;Vivienda segunda mano;2015;316
Total;19 Guadalajara;Vivienda segunda mano;2014;540
Total;21 Huelva;General;2025;183
Total;21 Huelva;General;2024;127
Total;21 Huelva;General;2023;197
Total;21 Huelva;General;2022;190
Total;21 Huelva;General;2021;362
Total;21 Huelva;General;2020;299
Total;21 Huelva;General;2019;269
Total;21 Huelva;General;2018;359
Total;21 Huelva;General;2017;578
Total;21 Huelva;General;2016;772
Total;21 Huelva;General;2015;1.318
Total;21 Huelva;General;2014;1.287
Total;21 Huelva;Vivienda nueva;2025;12
Total;21 Huelva;Vivienda nueva;2024;25
Total;21 Huelva;Vivienda nueva;2023;20
Total;21 Huelva;Vivienda nueva;2022;40
Total;21 Huelva;Vivienda nueva;2021;135
Total;21 Huelva;Vivienda nueva;2020;39
Total;21 Huelva;Vivienda nueva;2019;72
Total;21 Huelva;Vivienda nueva;2018;78
Total;21 Huelva;Vivienda nueva;2017;198
Total;21 Huelva;Vivienda nueva;2016;169
Total;21 Huelva;Vivienda nueva;2015;394
Total;21 Huelva;Vivienda nueva;2014;320
Total;21 Huelva;Vivienda segunda mano;2025;171
Total;21 Huelva;Vivienda segunda mano;2024;102
Total;21 Huelva;Vivienda segunda mano;2023;177
Total;21 Huelva;Vivienda segunda mano;2022;150
Total;21 Huelva;Vivienda segunda mano;2021;227
Total;21 Huelva;Vivienda segunda mano;2020;260
Total;21 Huelva;Vivienda segunda mano;2019;197
Total;21 Huelva;Vivienda segunda mano;2018;281
Total;21 Huelva;Vivienda segunda mano;2017;380
Total;21 Huelva;Vivienda segunda mano;2016;603
Total;21 Huelva;Vivienda segunda mano;2015;924
Total;21 Huelva;Vivienda segunda mano;2014;967
Total;22 Huesca;General;2025;58
Total;22 Huesca;General;2024;55
Total;22 Huesca;General;2023;46
Total;22 Huesca;General;2022;55
Total;22 Huesca;General;2021;129
Total;22 Huesca;General;2020;56
Total;22 Huesca;General;2019;95
Total;22 Huesca;General;2018;180
Total;22 Huesca;General;2017;96
Total;22 Huesca;General;2016;182
Total;22 Huesca;General;2015;289
Total;22 Huesca;General;2014;240
Total;22 Huesca;Vivienda nueva;2025;1
Total;22 Huesca;Vivienda nueva;2024;4
Total;22 Huesca;Vivienda nueva;2023;1
Total;22 Huesca;Vivienda nueva;2022;8
Total;22 Huesca;Vivienda nueva;2021;3
Total;22 Huesca;Vivienda nueva;2020;0
Total;22 Huesca;Vivienda nueva;2019;2
Total;22 Huesca;Vivienda nueva;2018;1
Total;22 Huesca;Vivienda nueva;2017;28
Total;22 Huesca;Vivienda nueva;2016;12
Total;22 Huesca;Vivienda nueva;2015;27
Total;22 Huesca;Vivienda nueva;2014;13
Total;22 Huesca;Vivienda segunda mano;2025;57
Total;22 Huesca;Vivienda segunda mano;2024;51
Total;22 Huesca;Vivienda segunda mano;2023;45
Total;22 Huesca;Vivienda segunda mano;2022;47
Total;22 Huesca;Vivienda segunda mano;2021;126
Total;22 Huesca;Vivienda segunda mano;2020;56
Total;22 Huesca;Vivienda segunda mano;2019;93
Total;22 Huesca;Vivienda segunda mano;2018;179
Total;22 Huesca;Vivienda segunda mano;2017;68
Total;22 Huesca;Vivienda segunda mano;2016;170
Total;22 Huesca;Vivienda segunda mano;2015;262
Total;22 Huesca;Vivienda segunda mano;2014;227
Total;23 Jaén;General;2025;254
Total;23 Jaén;General;2024;187
Total;23 Jaén;General;2023;227
Total;23 Jaén;General;2022;251
Total;23 Jaén;General;2021;234
Total;23 Jaén;General;2020;152
Total;23 Jaén;General;2019;253
Total;23 Jaén;General;2018;117
Total;23 Jaén;General;2017;266
Total;23 Jaén;General;2016;534
Total;23 Jaén;General;2015;688
Total;23 Jaén;General;2014;659
Total;23 Jaén;Vivienda nueva;2025;12
Total;23 Jaén;Vivienda nueva;2024;16
Total;23 Jaén;Vivienda nueva;2023;18
Total;23 Jaén;Vivienda nueva;2022;15
Total;23 Jaén;Vivienda nueva;2021;12
Total;23 Jaén;Vivienda nueva;2020;12
Total;23 Jaén;Vivienda nueva;2019;24
Total;23 Jaén;Vivienda nueva;2018;10
Total;23 Jaén;Vivienda nueva;2017;37
Total;23 Jaén;Vivienda nueva;2016;54
Total;23 Jaén;Vivienda nueva;2015;181
Total;23 Jaén;Vivienda nueva;2014;128
Total;23 Jaén;Vivienda segunda mano;2025;242
Total;23 Jaén;Vivienda segunda mano;2024;171
Total;23 Jaén;Vivienda segunda mano;2023;209
Total;23 Jaén;Vivienda segunda mano;2022;236
Total;23 Jaén;Vivienda segunda mano;2021;222
Total;23 Jaén;Vivienda segunda mano;2020;140
Total;23 Jaén;Vivienda segunda mano;2019;229
Total;23 Jaén;Vivienda segunda mano;2018;107
Total;23 Jaén;Vivienda segunda mano;2017;229
Total;23 Jaén;Vivienda segunda mano;2016;480
Total;23 Jaén;Vivienda segunda mano;2015;507
Total;23 Jaén;Vivienda segunda mano;2014;531
Total;24 León;General;2025;125
Total;24 León;General;2024;98
Total;24 León;General;2023;60
Total;24 León;General;2022;97
Total;24 León;General;2021;103
Total;24 León;General;2020;202
Total;24 León;General;2019;257
Total;24 León;General;2018;205
Total;24 León;General;2017;135
Total;24 León;General;2016;161
Total;24 León;General;2015;317
Total;24 León;General;2014;426
Total;24 León;Vivienda nueva;2025;3
Total;24 León;Vivienda nueva;2024;5
Total;24 León;Vivienda nueva;2023;1
Total;24 León;Vivienda nueva;2022;5
Total;24 León;Vivienda nueva;2021;3
Total;24 León;Vivienda nueva;2020;82
Total;24 León;Vivienda nueva;2019;59
Total;24 León;Vivienda nueva;2018;64
Total;24 León;Vivienda nueva;2017;11
Total;24 León;Vivienda nueva;2016;4
Total;24 León;Vivienda nueva;2015;38
Total;24 León;Vivienda nueva;2014;60
Total;24 León;Vivienda segunda mano;2025;122
Total;24 León;Vivienda segunda mano;2024;93
Total;24 León;Vivienda segunda mano;2023;59
Total;24 León;Vivienda segunda mano;2022;92
Total;24 León;Vivienda segunda mano;2021;100
Total;24 León;Vivienda segunda mano;2020;120
Total;24 León;Vivienda segunda mano;2019;198
Total;24 León;Vivienda segunda mano;2018;141
Total;24 León;Vivienda segunda mano;2017;124
Total;24 León;Vivienda segunda mano;2016;157
Total;24 León;Vivienda segunda mano;2015;279
Total;24 León;Vivienda segunda mano;2014;366
Total;25 Lleida;General;2025;137
Total;25 Lleida;General;2024;103
Total;25 Lleida;General;2023;176
Total;25 Lleida;General;2022;198
Total;25 Lleida;General;2021;254
Total;25 Lleida;General;2020;290
Total;25 Lleida;General;2019;798
Total;25 Lleida;General;2018;741
Total;25 Lleida;General;2017;295
Total;25 Lleida;General;2016;510
Total;25 Lleida;General;2015;843
Total;25 Lleida;General;2014;891
Total;25 Lleida;Vivienda nueva;2025;5
Total;25 Lleida;Vivienda nueva;2024;3
Total;25 Lleida;Vivienda nueva;2023;62
Total;25 Lleida;Vivienda nueva;2022;5
Total;25 Lleida;Vivienda nueva;2021;12
Total;25 Lleida;Vivienda nueva;2020;66
Total;25 Lleida;Vivienda nueva;2019;353
Total;25 Lleida;Vivienda nueva;2018;138
Total;25 Lleida;Vivienda nueva;2017;9
Total;25 Lleida;Vivienda nueva;2016;52
Total;25 Lleida;Vivienda nueva;2015;85
Total;25 Lleida;Vivienda nueva;2014;200
Total;25 Lleida;Vivienda segunda mano;2025;132
Total;25 Lleida;Vivienda segunda mano;2024;100
Total;25 Lleida;Vivienda segunda mano;2023;114
Total;25 Lleida;Vivienda segunda mano;2022;193
Total;25 Lleida;Vivienda segunda mano;2021;242
Total;25 Lleida;Vivienda segunda mano;2020;224
Total;25 Lleida;Vivienda segunda mano;2019;445
Total;25 Lleida;Vivienda segunda mano;2018;603
Total;25 Lleida;Vivienda segunda mano;2017;286
Total;25 Lleida;Vivienda segunda mano;2016;458
Total;25 Lleida;Vivienda segunda mano;2015;758
Total;25 Lleida;Vivienda segunda mano;2014;691
Total;27 Lugo;General;2025;27
Total;27 Lugo;General;2024;27
Total;27 Lugo;General;2023;16
Total;27 Lugo;General;2022;32
Total;27 Lugo;General;2021;31
Total;27 Lugo;General;2020;117
Total;27 Lugo;General;2019;98
Total;27 Lugo;General;2018;75
Total;27 Lugo;General;2017;193
Total;27 Lugo;General;2016;164
Total;27 Lugo;General;2015;88
Total;27 Lugo;General;2014;264
Total;27 Lugo;Vivienda nueva;2025;1
Total;27 Lugo;Vivienda nueva;2024;0
Total;27 Lugo;Vivienda nueva;2023;2
Total;27 Lugo;Vivienda nueva;2022;0
Total;27 Lugo;Vivienda nueva;2021;1
Total;27 Lugo;Vivienda nueva;2020;0
Total;27 Lugo;Vivienda nueva;2019;4
Total;27 Lugo;Vivienda nueva;2018;1
Total;27 Lugo;Vivienda nueva;2017;1
Total;27 Lugo;Vivienda nueva;2016;5
Total;27 Lugo;Vivienda nueva;2015;4
Total;27 Lugo;Vivienda nueva;2014;46
Total;27 Lugo;Vivienda segunda mano;2025;26
Total;27 Lugo;Vivienda segunda mano;2024;27
Total;27 Lugo;Vivienda segunda mano;2023;14
Total;27 Lugo;Vivienda segunda mano;2022;32
Total;27 Lugo;Vivienda segunda mano;2021;30
Total;27 Lugo;Vivienda segunda mano;2020;117
Total;27 Lugo;Vivienda segunda mano;2019;94
Total;27 Lugo;Vivienda segunda mano;2018;74
Total;27 Lugo;Vivienda segunda mano;2017;192
Total;27 Lugo;Vivienda segunda mano;2016;159
Total;27 Lugo;Vivienda segunda mano;2015;84
Total;27 Lugo;Vivienda segunda mano;2014;218
Total;28 Madrid;General;2025;1.328
Total;28 Madrid;General;2024;1.161
Total;28 Madrid;General;2023;1.185
Total;28 Madrid;General;2022;1.455
Total;28 Madrid;General;2021;1.750
Total;28 Madrid;General;2020;1.286
Total;28 Madrid;General;2019;1.466
Total;28 Madrid;General;2018;1.646
Total;28 Madrid;General;2017;2.305
Total;28 Madrid;General;2016;3.511
Total;28 Madrid;General;2015;4.250
Total;28 Madrid;General;2014;4.424
Total;28 Madrid;Vivienda nueva;2025;67
Total;28 Madrid;Vivienda nueva;2024;71
Total;28 Madrid;Vivienda nueva;2023;46
Total;28 Madrid;Vivienda nueva;2022;72
Total;28 Madrid;Vivienda nueva;2021;72
Total;28 Madrid;Vivienda nueva;2020;111
Total;28 Madrid;Vivienda nueva;2019;141
Total;28 Madrid;Vivienda nueva;2018;142
Total;28 Madrid;Vivienda nueva;2017;235
Total;28 Madrid;Vivienda nueva;2016;401
Total;28 Madrid;Vivienda nueva;2015;355
Total;28 Madrid;Vivienda nueva;2014;367
Total;28 Madrid;Vivienda segunda mano;2025;1.261
Total;28 Madrid;Vivienda segunda mano;2024;1.090
Total;28 Madrid;Vivienda segunda mano;2023;1.139
Total;28 Madrid;Vivienda segunda mano;2022;1.383
Total;28 Madrid;Vivienda segunda mano;2021;1.678
Total;28 Madrid;Vivienda segunda mano;2020;1.175
Total;28 Madrid;Vivienda segunda mano;2019;1.325
Total;28 Madrid;Vivienda segunda mano;2018;1.504
Total;28 Madrid;Vivienda segunda mano;2017;2.070
Total;28 Madrid;Vivienda segunda mano;2016;3.110
Total;28 Madrid;Vivienda segunda mano;2015;3.895
Total;28 Madrid;Vivienda segunda mano;2014;4.057
Total;29 Málaga;General;2025;613
Total;29 Málaga;General;2024;420
Total;29 Málaga;General;2023;443
Total;29 Málaga;General;2022;621
Total;29 Málaga;General;2021;674
Total;29 Málaga;General;2020;495
Total;29 Málaga;General;2019;531
Total;29 Málaga;General;2018;647
Total;29 Málaga;General;2017;1.222
Total;29 Málaga;General;2016;2.066
Total;29 Málaga;General;2015;2.947
Total;29 Málaga;General;2014;3.834
Total;29 Málaga;Vivienda nueva;2025;79
Total;29 Málaga;Vivienda nueva;2024;66
Total;29 Málaga;Vivienda nueva;2023;71
Total;29 Málaga;Vivienda nueva;2022;102
Total;29 Málaga;Vivienda nueva;2021;155
Total;29 Málaga;Vivienda nueva;2020;115
Total;29 Málaga;Vivienda nueva;2019;148
Total;29 Málaga;Vivienda nueva;2018;132
Total;29 Málaga;Vivienda nueva;2017;269
Total;29 Málaga;Vivienda nueva;2016;375
Total;29 Málaga;Vivienda nueva;2015;579
Total;29 Málaga;Vivienda nueva;2014;1.060
Total;29 Málaga;Vivienda segunda mano;2025;534
Total;29 Málaga;Vivienda segunda mano;2024;354
Total;29 Málaga;Vivienda segunda mano;2023;372
Total;29 Málaga;Vivienda segunda mano;2022;519
Total;29 Málaga;Vivienda segunda mano;2021;519
Total;29 Málaga;Vivienda segunda mano;2020;380
Total;29 Málaga;Vivienda segunda mano;2019;383
Total;29 Málaga;Vivienda segunda mano;2018;515
Total;29 Málaga;Vivienda segunda mano;2017;953
Total;29 Málaga;Vivienda segunda mano;2016;1.691
Total;29 Málaga;Vivienda segunda mano;2015;2.368
Total;29 Málaga;Vivienda segunda mano;2014;2.774
Total;30 Murcia;General;2025;667
Total;30 Murcia;General;2024;684
Total;30 Murcia;General;2023;554
Total;30 Murcia;General;2022;806
Total;30 Murcia;General;2021;984
Total;30 Murcia;General;2020;1.077
Total;30 Murcia;General;2019;2.055
Total;30 Murcia;General;2018;1.453
Total;30 Murcia;General;2017;1.639
Total;30 Murcia;General;2016;2.585
Total;30 Murcia;General;2015;3.612
Total;30 Murcia;General;2014;3.709
Total;30 Murcia;Vivienda nueva;2025;65
Total;30 Murcia;Vivienda nueva;2024;105
Total;30 Murcia;Vivienda nueva;2023;54
Total;30 Murcia;Vivienda nueva;2022;66
Total;30 Murcia;Vivienda nueva;2021;70
Total;30 Murcia;Vivienda nueva;2020;246
Total;30 Murcia;Vivienda nueva;2019;626
Total;30 Murcia;Vivienda nueva;2018;649
Total;30 Murcia;Vivienda nueva;2017;394
Total;30 Murcia;Vivienda nueva;2016;349
Total;30 Murcia;Vivienda nueva;2015;803
Total;30 Murcia;Vivienda nueva;2014;597
Total;30 Murcia;Vivienda segunda mano;2025;602
Total;30 Murcia;Vivienda segunda mano;2024;579
Total;30 Murcia;Vivienda segunda mano;2023;500
Total;30 Murcia;Vivienda segunda mano;2022;740
Total;30 Murcia;Vivienda segunda mano;2021;914
Total;30 Murcia;Vivienda segunda mano;2020;831
Total;30 Murcia;Vivienda segunda mano;2019;1.429
Total;30 Murcia;Vivienda segunda mano;2018;804
Total;30 Murcia;Vivienda segunda mano;2017;1.245
Total;30 Murcia;Vivienda segunda mano;2016;2.236
Total;30 Murcia;Vivienda segunda mano;2015;2.809
Total;30 Murcia;Vivienda segunda mano;2014;3.112
Total;31 Navarra;General;2025;62
Total;31 Navarra;General;2024;56
Total;31 Navarra;General;2023;55
Total;31 Navarra;General;2022;83
Total;31 Navarra;General;2021;88
Total;31 Navarra;General;2020;65
Total;31 Navarra;General;2019;54
Total;31 Navarra;General;2018;175
Total;31 Navarra;General;2017;129
Total;31 Navarra;General;2016;233
Total;31 Navarra;General;2015;340
Total;31 Navarra;General;2014;363
Total;31 Navarra;Vivienda nueva;2025;0
Total;31 Navarra;Vivienda nueva;2024;1
Total;31 Navarra;Vivienda nueva;2023;1
Total;31 Navarra;Vivienda nueva;2022;4
Total;31 Navarra;Vivienda nueva;2021;2
Total;31 Navarra;Vivienda nueva;2020;3
Total;31 Navarra;Vivienda nueva;2019;2
Total;31 Navarra;Vivienda nueva;2018;75
Total;31 Navarra;Vivienda nueva;2017;7
Total;31 Navarra;Vivienda nueva;2016;15
Total;31 Navarra;Vivienda nueva;2015;16
Total;31 Navarra;Vivienda nueva;2014;33
Total;31 Navarra;Vivienda segunda mano;2025;62
Total;31 Navarra;Vivienda segunda mano;2024;55
Total;31 Navarra;Vivienda segunda mano;2023;54
Total;31 Navarra;Vivienda segunda mano;2022;79
Total;31 Navarra;Vivienda segunda mano;2021;86
Total;31 Navarra;Vivienda segunda mano;2020;62
Total;31 Navarra;Vivienda segunda mano;2019;52
Total;31 Navarra;Vivienda segunda mano;2018;100
Total;31 Navarra;Vivienda segunda mano;2017;122
Total;31 Navarra;Vivienda segunda mano;2016;218
Total;31 Navarra;Vivienda segunda mano;2015;324
Total;31 Navarra;Vivienda segunda mano;2014;330
Total;32 Ourense;General;2025;42
Total;32 Ourense;General;2024;24
Total;32 Ourense;General;2023;14
Total;32 Ourense;General;2022;17
Total;32 Ourense;General;2021;18
Total;32 Ourense;General;2020;25
Total;32 Ourense;General;2019;53
Total;32 Ourense;General;2018;85
Total;32 Ourense;General;2017;35
Total;32 Ourense;General;2016;28
Total;32 Ourense;General;2015;42
Total;32 Ourense;General;2014;41
Total;32 Ourense;Vivienda nueva;2025;1
Total;32 Ourense;Vivienda nueva;2024;2
Total;32 Ourense;Vivienda nueva;2023;0
Total;32 Ourense;Vivienda nueva;2022;2
Total;32 Ourense;Vivienda nueva;2021;0
Total;32 Ourense;Vivienda nueva;2020;0
Total;32 Ourense;Vivienda nueva;2019;3
Total;32 Ourense;Vivienda nueva;2018;14
Total;32 Ourense;Vivienda nueva;2017;12
Total;32 Ourense;Vivienda nueva;2016;2
Total;32 Ourense;Vivienda nueva;2015;4
Total;32 Ourense;Vivienda nueva;2014;3
Total;32 Ourense;Vivienda segunda mano;2025;41
Total;32 Ourense;Vivienda segunda mano;2024;22
Total;32 Ourense;Vivienda segunda mano;2023;14
Total;32 Ourense;Vivienda segunda mano;2022;15
Total;32 Ourense;Vivienda segunda mano;2021;18
Total;32 Ourense;Vivienda segunda mano;2020;25
Total;32 Ourense;Vivienda segunda mano;2019;50
Total;32 Ourense;Vivienda segunda mano;2018;71
Total;32 Ourense;Vivienda segunda mano;2017;23
Total;32 Ourense;Vivienda segunda mano;2016;26
Total;32 Ourense;Vivienda segunda mano;2015;38
Total;32 Ourense;Vivienda segunda mano;2014;38
Total;34 Palencia;General;2025;32
Total;34 Palencia;General;2024;14
Total;34 Palencia;General;2023;19
Total;34 Palencia;General;2022;15
Total;34 Palencia;General;2021;24
Total;34 Palencia;General;2020;22
Total;34 Palencia;General;2019;30
Total;34 Palencia;General;2018;23
Total;34 Palencia;General;2017;20
Total;34 Palencia;General;2016;45
Total;34 Palencia;General;2015;106
Total;34 Palencia;General;2014;119
Total;34 Palencia;Vivienda nueva;2025;1
Total;34 Palencia;Vivienda nueva;2024;0
Total;34 Palencia;Vivienda nueva;2023;0
Total;34 Palencia;Vivienda nueva;2022;1
Total;34 Palencia;Vivienda nueva;2021;0
Total;34 Palencia;Vivienda nueva;2020;0
Total;34 Palencia;Vivienda nueva;2019;3
Total;34 Palencia;Vivienda nueva;2018;0
Total;34 Palencia;Vivienda nueva;2017;0
Total;34 Palencia;Vivienda nueva;2016;0
Total;34 Palencia;Vivienda nueva;2015;2
Total;34 Palencia;Vivienda nueva;2014;4
Total;34 Palencia;Vivienda segunda mano;2025;31
Total;34 Palencia;Vivienda segunda mano;2024;14
Total;34 Palencia;Vivienda segunda mano;2023;19
Total;34 Palencia;Vivienda segunda mano;2022;14
Total;34 Palencia;Vivienda segunda mano;2021;24
Total;34 Palencia;Vivienda segunda mano;2020;22
Total;34 Palencia;Vivienda segunda mano;2019;27
Total;34 Palencia;Vivienda segunda mano;2018;23
Total;34 Palencia;Vivienda segunda mano;2017;20
Total;34 Palencia;Vivienda segunda mano;2016;45
Total;34 Palencia;Vivienda segunda mano;2015;104
Total;34 Palencia;Vivienda segunda mano;2014;115
Total;35 Palmas, Las;General;2025;399
Total;35 Palmas, Las;General;2024;383
Total;35 Palmas, Las;General;2023;297
Total;35 Palmas, Las;General;2022;324
Total;35 Palmas, Las;General;2021;452
Total;35 Palmas, Las;General;2020;250
Total;35 Palmas, Las;General;2019;354
Total;35 Palmas, Las;General;2018;736
Total;35 Palmas, Las;General;2017;599
Total;35 Palmas, Las;General;2016;1.032
Total;35 Palmas, Las;General;2015;1.431
Total;35 Palmas, Las;General;2014;1.963
Total;35 Palmas, Las;Vivienda nueva;2025;35
Total;35 Palmas, Las;Vivienda nueva;2024;152
Total;35 Palmas, Las;Vivienda nueva;2023;18
Total;35 Palmas, Las;Vivienda nueva;2022;37
Total;35 Palmas, Las;Vivienda nueva;2021;58
Total;35 Palmas, Las;Vivienda nueva;2020;19
Total;35 Palmas, Las;Vivienda nueva;2019;40
Total;35 Palmas, Las;Vivienda nueva;2018;47
Total;35 Palmas, Las;Vivienda nueva;2017;119
Total;35 Palmas, Las;Vivienda nueva;2016;126
Total;35 Palmas, Las;Vivienda nueva;2015;154
Total;35 Palmas, Las;Vivienda nueva;2014;219
Total;35 Palmas, Las;Vivienda segunda mano;2025;364
Total;35 Palmas, Las;Vivienda segunda mano;2024;231
Total;35 Palmas, Las;Vivienda segunda mano;2023;279
Total;35 Palmas, Las;Vivienda segunda mano;2022;287
Total;35 Palmas, Las;Vivienda segunda mano;2021;394
Total;35 Palmas, Las;Vivienda segunda mano;2020;231
Total;35 Palmas, Las;Vivienda segunda mano;2019;314
Total;35 Palmas, Las;Vivienda segunda mano;2018;689
Total;35 Palmas, Las;Vivienda segunda mano;2017;480
Total;35 Palmas, Las;Vivienda segunda mano;2016;906
Total;35 Palmas, Las;Vivienda segunda mano;2015;1.277
Total;35 Palmas, Las;Vivienda segunda mano;2014;1.744
Total;36 Pontevedra;General;2025;176
Total;36 Pontevedra;General;2024;152
Total;36 Pontevedra;General;2023;127
Total;36 Pontevedra;General;2022;229
Total;36 Pontevedra;General;2021;266
Total;36 Pontevedra;General;2020;306
Total;36 Pontevedra;General;2019;572
Total;36 Pontevedra;General;2018;424
Total;36 Pontevedra;General;2017;247
Total;36 Pontevedra;General;2016;287
Total;36 Pontevedra;General;2015;593
Total;36 Pontevedra;General;2014;700
Total;36 Pontevedra;Vivienda nueva;2025;6
Total;36 Pontevedra;Vivienda nueva;2024;6
Total;36 Pontevedra;Vivienda nueva;2023;9
Total;36 Pontevedra;Vivienda nueva;2022;23
Total;36 Pontevedra;Vivienda nueva;2021;17
Total;36 Pontevedra;Vivienda nueva;2020;41
Total;36 Pontevedra;Vivienda nueva;2019;108
Total;36 Pontevedra;Vivienda nueva;2018;98
Total;36 Pontevedra;Vivienda nueva;2017;18
Total;36 Pontevedra;Vivienda nueva;2016;17
Total;36 Pontevedra;Vivienda nueva;2015;47
Total;36 Pontevedra;Vivienda nueva;2014;59
Total;36 Pontevedra;Vivienda segunda mano;2025;170
Total;36 Pontevedra;Vivienda segunda mano;2024;146
Total;36 Pontevedra;Vivienda segunda mano;2023;118
Total;36 Pontevedra;Vivienda segunda mano;2022;206
Total;36 Pontevedra;Vivienda segunda mano;2021;249
Total;36 Pontevedra;Vivienda segunda mano;2020;265
Total;36 Pontevedra;Vivienda segunda mano;2019;464
Total;36 Pontevedra;Vivienda segunda mano;2018;326
Total;36 Pontevedra;Vivienda segunda mano;2017;229
Total;36 Pontevedra;Vivienda segunda mano;2016;270
Total;36 Pontevedra;Vivienda segunda mano;2015;546
Total;36 Pontevedra;Vivienda segunda mano;2014;641
Total;26 Rioja, La;General;2025;85
Total;26 Rioja, La;General;2024;111
Total;26 Rioja, La;General;2023;100
Total;26 Rioja, La;General;2022;108
Total;26 Rioja, La;General;2021;136
Total;26 Rioja, La;General;2020;154
Total;26 Rioja, La;General;2019;143
Total;26 Rioja, La;General;2018;495
Total;26 Rioja, La;General;2017;165
Total;26 Rioja, La;General;2016;284
Total;26 Rioja, La;General;2015;272
Total;26 Rioja, La;General;2014;333
Total;26 Rioja, La;Vivienda nueva;2025;4
Total;26 Rioja, La;Vivienda nueva;2024;23
Total;26 Rioja, La;Vivienda nueva;2023;3
Total;26 Rioja, La;Vivienda nueva;2022;8
Total;26 Rioja, La;Vivienda nueva;2021;8
Total;26 Rioja, La;Vivienda nueva;2020;34
Total;26 Rioja, La;Vivienda nueva;2019;2
Total;26 Rioja, La;Vivienda nueva;2018;102
Total;26 Rioja, La;Vivienda nueva;2017;31
Total;26 Rioja, La;Vivienda nueva;2016;43
Total;26 Rioja, La;Vivienda nueva;2015;47
Total;26 Rioja, La;Vivienda nueva;2014;124
Total;26 Rioja, La;Vivienda segunda mano;2025;81
Total;26 Rioja, La;Vivienda segunda mano;2024;88
Total;26 Rioja, La;Vivienda segunda mano;2023;97
Total;26 Rioja, La;Vivienda segunda mano;2022;100
Total;26 Rioja, La;Vivienda segunda mano;2021;128
Total;26 Rioja, La;Vivienda segunda mano;2020;120
Total;26 Rioja, La;Vivienda segunda mano;2019;141
Total;26 Rioja, La;Vivienda segunda mano;2018;393
Total;26 Rioja, La;Vivienda segunda mano;2017;134
Total;26 Rioja, La;Vivienda segunda mano;2016;241
Total;26 Rioja, La;Vivienda segunda mano;2015;225
Total;26 Rioja, La;Vivienda segunda mano;2014;209
Total;37 Salamanca;General;2025;56
Total;37 Salamanca;General;2024;27
Total;37 Salamanca;General;2023;23
Total;37 Salamanca;General;2022;55
Total;37 Salamanca;General;2021;62
Total;37 Salamanca;General;2020;69
Total;37 Salamanca;General;2019;107
Total;37 Salamanca;General;2018;164
Total;37 Salamanca;General;2017;107
Total;37 Salamanca;General;2016;126
Total;37 Salamanca;General;2015;331
Total;37 Salamanca;General;2014;314
Total;37 Salamanca;Vivienda nueva;2025;2
Total;37 Salamanca;Vivienda nueva;2024;2
Total;37 Salamanca;Vivienda nueva;2023;0
Total;37 Salamanca;Vivienda nueva;2022;2
Total;37 Salamanca;Vivienda nueva;2021;5
Total;37 Salamanca;Vivienda nueva;2020;27
Total;37 Salamanca;Vivienda nueva;2019;3
Total;37 Salamanca;Vivienda nueva;2018;2
Total;37 Salamanca;Vivienda nueva;2017;4
Total;37 Salamanca;Vivienda nueva;2016;2
Total;37 Salamanca;Vivienda nueva;2015;15
Total;37 Salamanca;Vivienda nueva;2014;18
Total;37 Salamanca;Vivienda segunda mano;2025;54
Total;37 Salamanca;Vivienda segunda mano;2024;25
Total;37 Salamanca;Vivienda segunda mano;2023;23
Total;37 Salamanca;Vivienda segunda mano;2022;53
Total;37 Salamanca;Vivienda segunda mano;2021;57
Total;37 Salamanca;Vivienda segunda mano;2020;42
Total;37 Salamanca;Vivienda segunda mano;2019;104
Total;37 Salamanca;Vivienda segunda mano;2018;162
Total;37 Salamanca;Vivienda segunda mano;2017;103
Total;37 Salamanca;Vivienda segunda mano;2016;124
Total;37 Salamanca;Vivienda segunda mano;2015;316
Total;37 Salamanca;Vivienda segunda mano;2014;296
Total;38 Santa Cruz de Tenerife;General;2025;308
Total;38 Santa Cruz de Tenerife;General;2024;281
Total;38 Santa Cruz de Tenerife;General;2023;193
Total;38 Santa Cruz de Tenerife;General;2022;292
Total;38 Santa Cruz de Tenerife;General;2021;458
Total;38 Santa Cruz de Tenerife;General;2020;347
Total;38 Santa Cruz de Tenerife;General;2019;285
Total;38 Santa Cruz de Tenerife;General;2018;668
Total;38 Santa Cruz de Tenerife;General;2017;750
Total;38 Santa Cruz de Tenerife;General;2016;980
Total;38 Santa Cruz de Tenerife;General;2015;1.590
Total;38 Santa Cruz de Tenerife;General;2014;2.925
Total;38 Santa Cruz de Tenerife;Vivienda nueva;2025;31
Total;38 Santa Cruz de Tenerife;Vivienda nueva;2024;30
Total;38 Santa Cruz de Tenerife;Vivienda nueva;2023;13
Total;38 Santa Cruz de Tenerife;Vivienda nueva;2022;28
Total;38 Santa Cruz de Tenerife;Vivienda nueva;2021;35
Total;38 Santa Cruz de Tenerife;Vivienda nueva;2020;18
Total;38 Santa Cruz de Tenerife;Vivienda nueva;2019;83
Total;38 Santa Cruz de Tenerife;Vivienda nueva;2018;30
Total;38 Santa Cruz de Tenerife;Vivienda nueva;2017;99
Total;38 Santa Cruz de Tenerife;Vivienda nueva;2016;159
Total;38 Santa Cruz de Tenerife;Vivienda nueva;2015;161
Total;38 Santa Cruz de Tenerife;Vivienda nueva;2014;1.083
Total;38 Santa Cruz de Tenerife;Vivienda segunda mano;2025;277
Total;38 Santa Cruz de Tenerife;Vivienda segunda mano;2024;251
Total;38 Santa Cruz de Tenerife;Vivienda segunda mano;2023;180
Total;38 Santa Cruz de Tenerife;Vivienda segunda mano;2022;264
Total;38 Santa Cruz de Tenerife;Vivienda segunda mano;2021;423
Total;38 Santa Cruz de Tenerife;Vivienda segunda mano;2020;329
Total;38 Santa Cruz de Tenerife;Vivienda segunda mano;2019;202
Total;38 Santa Cruz de Tenerife;Vivienda segunda mano;2018;638
Total;38 Santa Cruz de Tenerife;Vivienda segunda mano;2017;651
Total;38 Santa Cruz de Tenerife;Vivienda segunda mano;2016;821
Total;38 Santa Cruz de Tenerife;Vivienda segunda mano;2015;1.429
Total;38 Santa Cruz de Tenerife;Vivienda segunda mano;2014;1.842
Total;40 Segovia;General;2025;33
Total;40 Segovia;General;2024;10
Total;40 Segovia;General;2023;15
Total;40 Segovia;General;2022;53
Total;40 Segovia;General;2021;37
Total;40 Segovia;General;2020;29
Total;40 Segovia;General;2019;56
Total;40 Segovia;General;2018;110
Total;40 Segovia;General;2017;71
Total;40 Segovia;General;2016;111
Total;40 Segovia;General;2015;136
Total;40 Segovia;General;2014;112
Total;40 Segovia;Vivienda nueva;2025;1
Total;40 Segovia;Vivienda nueva;2024;0
Total;40 Segovia;Vivienda nueva;2023;0
Total;40 Segovia;Vivienda nueva;2022;0
Total;40 Segovia;Vivienda nueva;2021;1
Total;40 Segovia;Vivienda nueva;2020;12
Total;40 Segovia;Vivienda nueva;2019;1
Total;40 Segovia;Vivienda nueva;2018;25
Total;40 Segovia;Vivienda nueva;2017;2
Total;40 Segovia;Vivienda nueva;2016;35
Total;40 Segovia;Vivienda nueva;2015;18
Total;40 Segovia;Vivienda nueva;2014;11
Total;40 Segovia;Vivienda segunda mano;2025;32
Total;40 Segovia;Vivienda segunda mano;2024;10
Total;40 Segovia;Vivienda segunda mano;2023;15
Total;40 Segovia;Vivienda segunda mano;2022;53
Total;40 Segovia;Vivienda segunda mano;2021;36
Total;40 Segovia;Vivienda segunda mano;2020;17
Total;40 Segovia;Vivienda segunda mano;2019;55
Total;40 Segovia;Vivienda segunda mano;2018;85
Total;40 Segovia;Vivienda segunda mano;2017;69
Total;40 Segovia;Vivienda segunda mano;2016;76
Total;40 Segovia;Vivienda segunda mano;2015;118
Total;40 Segovia;Vivienda segunda mano;2014;101
Total;41 Sevilla;General;2025;739
Total;41 Sevilla;General;2024;538
Total;41 Sevilla;General;2023;869
Total;41 Sevilla;General;2022;1.242
Total;41 Sevilla;General;2021;1.398
Total;41 Sevilla;General;2020;831
Total;41 Sevilla;General;2019;1.216
Total;41 Sevilla;General;2018;1.387
Total;41 Sevilla;General;2017;1.871
Total;41 Sevilla;General;2016;2.057
Total;41 Sevilla;General;2015;2.824
Total;41 Sevilla;General;2014;3.058
Total;41 Sevilla;Vivienda nueva;2025;40
Total;41 Sevilla;Vivienda nueva;2024;62
Total;41 Sevilla;Vivienda nueva;2023;191
Total;41 Sevilla;Vivienda nueva;2022;349
Total;41 Sevilla;Vivienda nueva;2021;398
Total;41 Sevilla;Vivienda nueva;2020;240
Total;41 Sevilla;Vivienda nueva;2019;322
Total;41 Sevilla;Vivienda nueva;2018;380
Total;41 Sevilla;Vivienda nueva;2017;408
Total;41 Sevilla;Vivienda nueva;2016;310
Total;41 Sevilla;Vivienda nueva;2015;485
Total;41 Sevilla;Vivienda nueva;2014;727
Total;41 Sevilla;Vivienda segunda mano;2025;699
Total;41 Sevilla;Vivienda segunda mano;2024;476
Total;41 Sevilla;Vivienda segunda mano;2023;678
Total;41 Sevilla;Vivienda segunda mano;2022;893
Total;41 Sevilla;Vivienda segunda mano;2021;1.000
Total;41 Sevilla;Vivienda segunda mano;2020;591
Total;41 Sevilla;Vivienda segunda mano;2019;894
Total;41 Sevilla;Vivienda segunda mano;2018;1.007
Total;41 Sevilla;Vivienda segunda mano;2017;1.463
Total;41 Sevilla;Vivienda segunda mano;2016;1.747
Total;41 Sevilla;Vivienda segunda mano;2015;2.339
Total;41 Sevilla;Vivienda segunda mano;2014;2.331
Total;42 Soria;General;2025;10
Total;42 Soria;General;2024;2
Total;42 Soria;General;2023;6
Total;42 Soria;General;2022;7
Total;42 Soria;General;2021;3
Total;42 Soria;General;2020;12
Total;42 Soria;General;2019;14
Total;42 Soria;General;2018;9
Total;42 Soria;General;2017;40
Total;42 Soria;General;2016;9
Total;42 Soria;General;2015;32
Total;42 Soria;General;2014;52
Total;42 Soria;Vivienda nueva;2025;0
Total;42 Soria;Vivienda nueva;2024;0
Total;42 Soria;Vivienda nueva;2023;0
Total;42 Soria;Vivienda nueva;2022;0
Total;42 Soria;Vivienda nueva;2021;0
Total;42 Soria;Vivienda nueva;2020;0
Total;42 Soria;Vivienda nueva;2019;1
Total;42 Soria;Vivienda nueva;2018;0
Total;42 Soria;Vivienda nueva;2017;0
Total;42 Soria;Vivienda nueva;2016;0
Total;42 Soria;Vivienda nueva;2015;0
Total;42 Soria;Vivienda nueva;2014;1
Total;42 Soria;Vivienda segunda mano;2025;10
Total;42 Soria;Vivienda segunda mano;2024;2
Total;42 Soria;Vivienda segunda mano;2023;6
Total;42 Soria;Vivienda segunda mano;2022;7
Total;42 Soria;Vivienda segunda mano;2021;3
Total;42 Soria;Vivienda segunda mano;2020;12
Total;42 Soria;Vivienda segunda mano;2019;13
Total;42 Soria;Vivienda segunda mano;2018;9
Total;42 Soria;Vivienda segunda mano;2017;40
Total;42 Soria;Vivienda segunda mano;2016;9
Total;42 Soria;Vivienda segunda mano;2015;32
Total;42 Soria;Vivienda segunda mano;2014;51
Total;43 Tarragona;General;2025;425
Total;43 Tarragona;General;2024;454
Total;43 Tarragona;General;2023;605
Total;43 Tarragona;General;2022;529
Total;43 Tarragona;General;2021;654
Total;43 Tarragona;General;2020;472
Total;43 Tarragona;General;2019;1.348
Total;43 Tarragona;General;2018;871
Total;43 Tarragona;General;2017;782
Total;43 Tarragona;General;2016;1.529
Total;43 Tarragona;General;2015;1.884
Total;43 Tarragona;General;2014;2.323
Total;43 Tarragona;Vivienda nueva;2025;19
Total;43 Tarragona;Vivienda nueva;2024;12
Total;43 Tarragona;Vivienda nueva;2023;22
Total;43 Tarragona;Vivienda nueva;2022;22
Total;43 Tarragona;Vivienda nueva;2021;32
Total;43 Tarragona;Vivienda nueva;2020;46
Total;43 Tarragona;Vivienda nueva;2019;230
Total;43 Tarragona;Vivienda nueva;2018;48
Total;43 Tarragona;Vivienda nueva;2017;36
Total;43 Tarragona;Vivienda nueva;2016;146
Total;43 Tarragona;Vivienda nueva;2015;88
Total;43 Tarragona;Vivienda nueva;2014;134
Total;43 Tarragona;Vivienda segunda mano;2025;406
Total;43 Tarragona;Vivienda segunda mano;2024;442
Total;43 Tarragona;Vivienda segunda mano;2023;583
Total;43 Tarragona;Vivienda segunda mano;2022;507
Total;43 Tarragona;Vivienda segunda mano;2021;622
Total;43 Tarragona;Vivienda segunda mano;2020;426
Total;43 Tarragona;Vivienda segunda mano;2019;1.118
Total;43 Tarragona;Vivienda segunda mano;2018;823
Total;43 Tarragona;Vivienda segunda mano;2017;746
Total;43 Tarragona;Vivienda segunda mano;2016;1.383
Total;43 Tarragona;Vivienda segunda mano;2015;1.796
Total;43 Tarragona;Vivienda segunda mano;2014;2.189
Total;44 Teruel;General;2025;7
Total;44 Teruel;General;2024;9
Total;44 Teruel;General;2023;17
Total;44 Teruel;General;2022;16
Total;44 Teruel;General;2021;37
Total;44 Teruel;General;2020;23
Total;44 Teruel;General;2019;74
Total;44 Teruel;General;2018;48
Total;44 Teruel;General;2017;97
Total;44 Teruel;General;2016;76
Total;44 Teruel;General;2015;94
Total;44 Teruel;General;2014;104
Total;44 Teruel;Vivienda nueva;2025;0
Total;44 Teruel;Vivienda nueva;2024;1
Total;44 Teruel;Vivienda nueva;2023;3
Total;44 Teruel;Vivienda nueva;2022;1
Total;44 Teruel;Vivienda nueva;2021;3
Total;44 Teruel;Vivienda nueva;2020;4
Total;44 Teruel;Vivienda nueva;2019;46
Total;44 Teruel;Vivienda nueva;2018;1
Total;44 Teruel;Vivienda nueva;2017;33
Total;44 Teruel;Vivienda nueva;2016;5
Total;44 Teruel;Vivienda nueva;2015;9
Total;44 Teruel;Vivienda nueva;2014;6
Total;44 Teruel;Vivienda segunda mano;2025;7
Total;44 Teruel;Vivienda segunda mano;2024;8
Total;44 Teruel;Vivienda segunda mano;2023;14
Total;44 Teruel;Vivienda segunda mano;2022;15
Total;44 Teruel;Vivienda segunda mano;2021;34
Total;44 Teruel;Vivienda segunda mano;2020;19
Total;44 Teruel;Vivienda segunda mano;2019;28
Total;44 Teruel;Vivienda segunda mano;2018;47
Total;44 Teruel;Vivienda segunda mano;2017;64
Total;44 Teruel;Vivienda segunda mano;2016;71
Total;44 Teruel;Vivienda segunda mano;2015;85
Total;44 Teruel;Vivienda segunda mano;2014;98
Total;45 Toledo;General;2025;417
Total;45 Toledo;General;2024;269
Total;45 Toledo;General;2023;274
Total;45 Toledo;General;2022;340
Total;45 Toledo;General;2021;440
Total;45 Toledo;General;2020;314
Total;45 Toledo;General;2019;980
Total;45 Toledo;General;2018;827
Total;45 Toledo;General;2017;561
Total;45 Toledo;General;2016;922
Total;45 Toledo;General;2015;1.565
Total;45 Toledo;General;2014;2.383
Total;45 Toledo;Vivienda nueva;2025;22
Total;45 Toledo;Vivienda nueva;2024;33
Total;45 Toledo;Vivienda nueva;2023;26
Total;45 Toledo;Vivienda nueva;2022;21
Total;45 Toledo;Vivienda nueva;2021;94
Total;45 Toledo;Vivienda nueva;2020;19
Total;45 Toledo;Vivienda nueva;2019;106
Total;45 Toledo;Vivienda nueva;2018;90
Total;45 Toledo;Vivienda nueva;2017;50
Total;45 Toledo;Vivienda nueva;2016;67
Total;45 Toledo;Vivienda nueva;2015;239
Total;45 Toledo;Vivienda nueva;2014;288
Total;45 Toledo;Vivienda segunda mano;2025;395
Total;45 Toledo;Vivienda segunda mano;2024;236
Total;45 Toledo;Vivienda segunda mano;2023;248
Total;45 Toledo;Vivienda segunda mano;2022;319
Total;45 Toledo;Vivienda segunda mano;2021;346
Total;45 Toledo;Vivienda segunda mano;2020;295
Total;45 Toledo;Vivienda segunda mano;2019;874
Total;45 Toledo;Vivienda segunda mano;2018;737
Total;45 Toledo;Vivienda segunda mano;2017;511
Total;45 Toledo;Vivienda segunda mano;2016;855
Total;45 Toledo;Vivienda segunda mano;2015;1.326
Total;45 Toledo;Vivienda segunda mano;2014;2.095
Total;46 Valencia/Valčncia;General;2025;1.180
Total;46 Valencia/Valčncia;General;2024;920
Total;46 Valencia/Valčncia;General;2023;1.155
Total;46 Valencia/Valčncia;General;2022;1.498
Total;46 Valencia/Valčncia;General;2021;2.028
Total;46 Valencia/Valčncia;General;2020;2.480
Total;46 Valencia/Valčncia;General;2019;2.419
Total;46 Valencia/Valčncia;General;2018;2.113
Total;46 Valencia/Valčncia;General;2017;2.312
Total;46 Valencia/Valčncia;General;2016;1.746
Total;46 Valencia/Valčncia;General;2015;4.471
Total;46 Valencia/Valčncia;General;2014;5.268
Total;46 Valencia/Valčncia;Vivienda nueva;2025;236
Total;46 Valencia/Valčncia;Vivienda nueva;2024;26
Total;46 Valencia/Valčncia;Vivienda nueva;2023;43
Total;46 Valencia/Valčncia;Vivienda nueva;2022;166
Total;46 Valencia/Valčncia;Vivienda nueva;2021;271
Total;46 Valencia/Valčncia;Vivienda nueva;2020;446
Total;46 Valencia/Valčncia;Vivienda nueva;2019;871
Total;46 Valencia/Valčncia;Vivienda nueva;2018;562
Total;46 Valencia/Valčncia;Vivienda nueva;2017;622
Total;46 Valencia/Valčncia;Vivienda nueva;2016;357
Total;46 Valencia/Valčncia;Vivienda nueva;2015;628
Total;46 Valencia/Valčncia;Vivienda nueva;2014;580
Total;46 Valencia/Valčncia;Vivienda segunda mano;2025;944
Total;46 Valencia/Valčncia;Vivienda segunda mano;2024;894
Total;46 Valencia/Valčncia;Vivienda segunda mano;2023;1.112
Total;46 Valencia/Valčncia;Vivienda segunda mano;2022;1.332
Total;46 Valencia/Valčncia;Vivienda segunda mano;2021;1.757
Total;46 Valencia/Valčncia;Vivienda segunda mano;2020;2.034
Total;46 Valencia/Valčncia;Vivienda segunda mano;2019;1.548
Total;46 Valencia/Valčncia;Vivienda segunda mano;2018;1.551
Total;46 Valencia/Valčncia;Vivienda segunda mano;2017;1.690
Total;46 Valencia/Valčncia;Vivienda segunda mano;2016;1.389
Total;46 Valencia/Valčncia;Vivienda segunda mano;2015;3.843
Total;46 Valencia/Valčncia;Vivienda segunda mano;2014;4.688
Total;47 Valladolid;General;2025;80
Total;47 Valladolid;General;2024;139
Total;47 Valladolid;General;2023;71
Total;47 Valladolid;General;2022;52
Total;47 Valladolid;General;2021;52
Total;47 Valladolid;General;2020;66
Total;47 Valladolid;General;2019;65
Total;47 Valladolid;General;2018;82
Total;47 Valladolid;General;2017;93
Total;47 Valladolid;General;2016;209
Total;47 Valladolid;General;2015;454
Total;47 Valladolid;General;2014;873
Total;47 Valladolid;Vivienda nueva;2025;0
Total;47 Valladolid;Vivienda nueva;2024;3
Total;47 Valladolid;Vivienda nueva;2023;1
Total;47 Valladolid;Vivienda nueva;2022;2
Total;47 Valladolid;Vivienda nueva;2021;2
Total;47 Valladolid;Vivienda nueva;2020;3
Total;47 Valladolid;Vivienda nueva;2019;3
Total;47 Valladolid;Vivienda nueva;2018;21
Total;47 Valladolid;Vivienda nueva;2017;3
Total;47 Valladolid;Vivienda nueva;2016;56
Total;47 Valladolid;Vivienda nueva;2015;178
Total;47 Valladolid;Vivienda nueva;2014;248
Total;47 Valladolid;Vivienda segunda mano;2025;80
Total;47 Valladolid;Vivienda segunda mano;2024;136
Total;47 Valladolid;Vivienda segunda mano;2023;70
Total;47 Valladolid;Vivienda segunda mano;2022;50
Total;47 Valladolid;Vivienda segunda mano;2021;50
Total;47 Valladolid;Vivienda segunda mano;2020;63
Total;47 Valladolid;Vivienda segunda mano;2019;62
Total;47 Valladolid;Vivienda segunda mano;2018;61
Total;47 Valladolid;Vivienda segunda mano;2017;90
Total;47 Valladolid;Vivienda segunda mano;2016;153
Total;47 Valladolid;Vivienda segunda mano;2015;276
Total;47 Valladolid;Vivienda segunda mano;2014;625
Total;49 Zamora;General;2025;36
Total;49 Zamora;General;2024;19
Total;49 Zamora;General;2023;21
Total;49 Zamora;General;2022;21
Total;49 Zamora;General;2021;35
Total;49 Zamora;General;2020;66
Total;49 Zamora;General;2019;63
Total;49 Zamora;General;2018;26
Total;49 Zamora;General;2017;51
Total;49 Zamora;General;2016;84
Total;49 Zamora;General;2015;61
Total;49 Zamora;General;2014;117
Total;49 Zamora;Vivienda nueva;2025;0
Total;49 Zamora;Vivienda nueva;2024;0
Total;49 Zamora;Vivienda nueva;2023;0
Total;49 Zamora;Vivienda nueva;2022;0
Total;49 Zamora;Vivienda nueva;2021;2
Total;49 Zamora;Vivienda nueva;2020;0
Total;49 Zamora;Vivienda nueva;2019;0
Total;49 Zamora;Vivienda nueva;2018;0
Total;49 Zamora;Vivienda nueva;2017;0
Total;49 Zamora;Vivienda nueva;2016;49
Total;49 Zamora;Vivienda nueva;2015;0
Total;49 Zamora;Vivienda nueva;2014;1
Total;49 Zamora;Vivienda segunda mano;2025;36
Total;49 Zamora;Vivienda segunda mano;2024;19
Total;49 Zamora;Vivienda segunda mano;2023;21
Total;49 Zamora;Vivienda segunda mano;2022;21
Total;49 Zamora;Vivienda segunda mano;2021;33
Total;49 Zamora;Vivienda segunda mano;2020;66
Total;49 Zamora;Vivienda segunda mano;2019;63
Total;49 Zamora;Vivienda segunda mano;2018;26
Total;49 Zamora;Vivienda segunda mano;2017;51
Total;49 Zamora;Vivienda segunda mano;2016;35
Total;49 Zamora;Vivienda segunda mano;2015;61
Total;49 Zamora;Vivienda segunda mano;2014;116
Total;50 Zaragoza;General;2025;227
Total;50 Zaragoza;General;2024;207
Total;50 Zaragoza;General;2023;140
Total;50 Zaragoza;General;2022;285
Total;50 Zaragoza;General;2021;238
Total;50 Zaragoza;General;2020;304
Total;50 Zaragoza;General;2019;298
Total;50 Zaragoza;General;2018;264
Total;50 Zaragoza;General;2017;336
Total;50 Zaragoza;General;2016;666
Total;50 Zaragoza;General;2015;904
Total;50 Zaragoza;General;2014;1.143
Total;50 Zaragoza;Vivienda nueva;2025;7
Total;50 Zaragoza;Vivienda nueva;2024;19
Total;50 Zaragoza;Vivienda nueva;2023;6
Total;50 Zaragoza;Vivienda nueva;2022;64
Total;50 Zaragoza;Vivienda nueva;2021;7
Total;50 Zaragoza;Vivienda nueva;2020;28
Total;50 Zaragoza;Vivienda nueva;2019;27
Total;50 Zaragoza;Vivienda nueva;2018;7
Total;50 Zaragoza;Vivienda nueva;2017;25
Total;50 Zaragoza;Vivienda nueva;2016;34
Total;50 Zaragoza;Vivienda nueva;2015;61
Total;50 Zaragoza;Vivienda nueva;2014;95
Total;50 Zaragoza;Vivienda segunda mano;2025;220
Total;50 Zaragoza;Vivienda segunda mano;2024;188
Total;50 Zaragoza;Vivienda segunda mano;2023;134
Total;50 Zaragoza;Vivienda segunda mano;2022;221
Total;50 Zaragoza;Vivienda segunda mano;2021;231
Total;50 Zaragoza;Vivienda segunda mano;2020;276
Total;50 Zaragoza;Vivienda segunda mano;2019;271
Total;50 Zaragoza;Vivienda segunda mano;2018;257
Total;50 Zaragoza;Vivienda segunda mano;2017;311
Total;50 Zaragoza;Vivienda segunda mano;2016;632
Total;50 Zaragoza;Vivienda segunda mano;2015;843
Total;50 Zaragoza;Vivienda segunda mano;2014;1.048
Total;51 Ceuta;General;2025;16
Total;51 Ceuta;General;2024;6
Total;51 Ceuta;General;2023;7
Total;51 Ceuta;General;2022;9
Total;51 Ceuta;General;2021;30
Total;51 Ceuta;General;2020;25
Total;51 Ceuta;General;2019;2
Total;51 Ceuta;General;2018;6
Total;51 Ceuta;General;2017;47
Total;51 Ceuta;General;2016;12
Total;51 Ceuta;General;2015;17
Total;51 Ceuta;General;2014;32
Total;51 Ceuta;Vivienda nueva;2025;1
Total;51 Ceuta;Vivienda nueva;2024;0
Total;51 Ceuta;Vivienda nueva;2023;0
Total;51 Ceuta;Vivienda nueva;2022;0
Total;51 Ceuta;Vivienda nueva;2021;17
Total;51 Ceuta;Vivienda nueva;2020;4
Total;51 Ceuta;Vivienda nueva;2019;0
Total;51 Ceuta;Vivienda nueva;2018;0
Total;51 Ceuta;Vivienda nueva;2017;17
Total;51 Ceuta;Vivienda nueva;2016;0
Total;51 Ceuta;Vivienda nueva;2015;1
Total;51 Ceuta;Vivienda nueva;2014;1
Total;51 Ceuta;Vivienda segunda mano;2025;15
Total;51 Ceuta;Vivienda segunda mano;2024;6
Total;51 Ceuta;Vivienda segunda mano;2023;7
Total;51 Ceuta;Vivienda segunda mano;2022;9
Total;51 Ceuta;Vivienda segunda mano;2021;13
Total;51 Ceuta;Vivienda segunda mano;2020;21
Total;51 Ceuta;Vivienda segunda mano;2019;2
Total;51 Ceuta;Vivienda segunda mano;2018;6
Total;51 Ceuta;Vivienda segunda mano;2017;30
Total;51 Ceuta;Vivienda segunda mano;2016;12
Total;51 Ceuta;Vivienda segunda mano;2015;16
Total;51 Ceuta;Vivienda segunda mano;2014;31
Total;52 Melilla;General;2025;8
Total;52 Melilla;General;2024;10
Total;52 Melilla;General;2023;3
Total;52 Melilla;General;2022;2
Total;52 Melilla;General;2021;4
Total;52 Melilla;General;2020;4
Total;52 Melilla;General;2019;5
Total;52 Melilla;General;2018;7
Total;52 Melilla;General;2017;13
Total;52 Melilla;General;2016;30
Total;52 Melilla;General;2015;21
Total;52 Melilla;General;2014;8
Total;52 Melilla;Vivienda nueva;2025;3
Total;52 Melilla;Vivienda nueva;2024;0
Total;52 Melilla;Vivienda nueva;2023;0
Total;52 Melilla;Vivienda nueva;2022;1
Total;52 Melilla;Vivienda nueva;2021;0
Total;52 Melilla;Vivienda nueva;2020;0
Total;52 Melilla;Vivienda nueva;2019;2
Total;52 Melilla;Vivienda nueva;2018;0
Total;52 Melilla;Vivienda nueva;2017;3
Total;52 Melilla;Vivienda nueva;2016;2
Total;52 Melilla;Vivienda nueva;2015;17
Total;52 Melilla;Vivienda nueva;2014;0
Total;52 Melilla;Vivienda segunda mano;2025;5
Total;52 Melilla;Vivienda segunda mano;2024;10
Total;52 Melilla;Vivienda segunda mano;2023;3
Total;52 Melilla;Vivienda segunda mano;2022;1
Total;52 Melilla;Vivienda segunda mano;2021;4
Total;52 Melilla;Vivienda segunda mano;2020;4
Total;52 Melilla;Vivienda segunda mano;2019;3
Total;52 Melilla;Vivienda segunda mano;2018;7
Total;52 Melilla;Vivienda segunda mano;2017;10
Total;52 Melilla;Vivienda segunda mano;2016;28
Total;52 Melilla;Vivienda segunda mano;2015;4
Total;52 Melilla;Vivienda segunda mano;2014;8
